period,trait,uid,consec_diff_idx,n_pool,consec_diff,group_mean,group_sd,test,p_vs_mean,p_vs_zero,bonf_mean,rank_mean,sig_mean,bonf_zero,rank_zero,sig_zero
Jomon,mbc,Fukahori_2001-2,1,12,-0.4400000000000004,-0.1666666666666666,0.36079037815565,dixon,0.09191628162713102,0.09191628162713102,2.3696682464454977e-4,96,n.s.,2.3696682464454977e-4,96,n.s.
Jomon,mbc,Fukahori_2001-2,2,12,-0.3199999999999994,-0.1666666666666666,0.36079037815565,dixon,0.09191628162713102,0.09191628162713102,2.380952380952381e-4,97,n.s.,2.380952380952381e-4,97,n.s.
Jomon,mbc,Okinoharu_21,1,12,-0.21999999999999975,-0.1666666666666666,0.36079037815565,dixon,0.09191628162713102,0.09191628162713102,2.4154589371980678e-4,100,n.s.,2.4154589371980678e-4,100,n.s.
Jomon,mbc,Okinoharu_21,2,12,-0.3899999999999997,-0.1666666666666666,0.36079037815565,dixon,0.09191628162713102,0.09191628162713102,2.4271844660194176e-4,101,n.s.,2.4271844660194176e-4,101,n.s.
Jomon,mbc,Okinoharu_25,1,12,-0.25,-0.1666666666666666,0.36079037815565,dixon,0.09191628162713102,0.09191628162713102,2.3923444976076556e-4,98,n.s.,2.3923444976076556e-4,98,n.s.
Jomon,mbc,Okinoharu_25,2,12,-0.9199999999999999,-0.1666666666666666,0.36079037815565,dixon,0.09191628162713102,0.09191628162713102,2.403846153846154e-4,99,n.s.,2.403846153846154e-4,99,n.s.
Jomon,mbc,Shirahama_1,1,12,-0.0699999999999994,-0.1666666666666666,0.36079037815565,dixon,0.11761691483458203,0.09191628162713102,2.564102564102564e-4,112,n.s.,2.4509803921568627e-4,103,n.s.
Jomon,mbc,Shirahama_1,2,12,0,-0.1666666666666666,0.36079037815565,dixon,0.11761691483458203,0.11761691483458203,2.577319587628866e-4,113,n.s.,2.5510204081632655e-4,111,n.s.
Jomon,mbc,Wakimisaki_2,1,12,0.040000000000000036,-0.1666666666666666,0.36079037815565,dixon,0.11761691483458203,0.11761691483458203,2.538071065989848e-4,110,n.s.,2.525252525252525e-4,109,n.s.
Jomon,mbc,Wakimisaki_2,2,12,0.040000000000000036,-0.1666666666666666,0.36079037815565,dixon,0.11761691483458203,0.11761691483458203,2.5510204081632655e-4,111,n.s.,2.538071065989848e-4,110,n.s.
Jomon,mbc,Wakimisaki_5,1,12,0.5899999999999999,-0.1666666666666666,0.36079037815565,dixon,0.11761691483458203,0.11761691483458203,2.512562814070352e-4,108,n.s.,2.512562814070352e-4,108,n.s.
Jomon,mbc,Wakimisaki_5,2,12,-0.0600000000000005,-0.1666666666666666,0.36079037815565,dixon,0.11761691483458203,0.09191628162713102,2.525252525252525e-4,109,n.s.,2.4390243902439027e-4,102,n.s.
Jomon,mbi1,Okinoharu_21,1,12,-0.03000000000000025,0.01416666666666666,0.2375809272010213,dixon,0.010658607472563338,0.010658607472563338,2.109704641350211e-4,70,n.s.,2.145922746781116e-4,74,n.s.
Jomon,mbi1,Okinoharu_21,2,12,-0.08999999999999986,0.01416666666666666,0.2375809272010213,dixon,0.010658607472563338,0.010658607472563338,2.1186440677966104e-4,71,n.s.,2.1551724137931037e-4,75,n.s.
Jomon,mbi1,Okinoharu_22,1,12,-0.03000000000000025,0.01416666666666666,0.2375809272010213,dixon,0.010658607472563338,0.010658607472563338,2.1276595744680854e-4,72,n.s.,2.1645021645021645e-4,76,n.s.
Jomon,mbi1,Okinoharu_22,2,12,0.08999999999999986,0.01416666666666666,0.2375809272010213,dixon,0.1536222473515109,0.1536222473515109,3.144654088050315e-4,148,n.s.,2.9411764705882356e-4,137,n.s.
Jomon,mbi1,Okinoharu_25,1,12,0.0600000000000005,0.01416666666666666,0.2375809272010213,dixon,0.1536222473515109,0.1536222473515109,3.0674846625766873e-4,144,n.s.,2.8735632183908046e-4,133,n.s.
Jomon,mbi1,Okinoharu_25,2,12,-0.4900000000000002,0.01416666666666666,0.2375809272010213,dixon,0.010658607472563338,0.010658607472563338,2.092050209205021e-4,68,n.s.,2.1276595744680854e-4,72,n.s.
Jomon,mbi1,Okinoharu_28,1,12,0.5,0.01416666666666666,0.2375809272010213,dixon,0.1536222473515109,0.1536222473515109,3.125e-4,147,n.s.,2.9239766081871346e-4,136,n.s.
Jomon,mbi1,Okinoharu_28,2,12,-0.08000000000000007,0.01416666666666666,0.2375809272010213,dixon,0.010658607472563338,0.010658607472563338,2.100840336134454e-4,69,n.s.,2.1367521367521368e-4,73,n.s.
Jomon,mbi1,Shirahama_1,1,12,0.29000000000000004,0.01416666666666666,0.2375809272010213,dixon,0.1536222473515109,0.1536222473515109,3.0864197530864197e-4,145,n.s.,2.8901734104046245e-4,134,n.s.
Jomon,mbi1,Shirahama_1,2,12,0.08999999999999986,0.01416666666666666,0.2375809272010213,dixon,0.1536222473515109,0.1536222473515109,3.1055900621118014e-4,146,n.s.,2.9069767441860465e-4,135,n.s.
Jomon,mbi1,Wakimisaki_5,1,12,-0.10999999999999943,0.01416666666666666,0.2375809272010213,dixon,0.010658607472563338,0.010658607472563338,2.0746887966804981e-4,66,n.s.,2.109704641350211e-4,70,n.s.
Jomon,mbi1,Wakimisaki_5,2,12,-0.03000000000000025,0.01416666666666666,0.2375809272010213,dixon,0.010658607472563338,0.010658607472563338,2.0833333333333335e-4,67,n.s.,2.1186440677966104e-4,71,n.s.
Jomon,mbi2,Okinoharu_25,1,8,-0.010000000000000675,-0.12749999999999995,0.31207828688144457,dixon,0.11595319769491391,0,2.487562189054727e-4,106,n.s.,2.0491803278688525e-4,63,*
Jomon,mbi2,Okinoharu_25,2,8,-0.8200000000000003,-0.12749999999999995,0.31207828688144457,dixon,0,0,2.05761316872428e-4,64,*,1.9920318725099602e-4,56,*
Jomon,mbi2,Shirahama_1,1,8,-0.33999999999999986,-0.12749999999999995,0.31207828688144457,dixon,0,0,2.066115702479339e-4,65,*,2e-4,57,*
Jomon,mbi2,Shirahama_1,2,8,-0.08999999999999986,-0.12749999999999995,0.31207828688144457,dixon,0.11595319769491391,0,2.5e-4,107,n.s.,2.05761316872428e-4,64,*
Jomon,mbi2,Wakimisaki_2,1,8,0.03000000000000025,-0.12749999999999995,0.31207828688144457,dixon,0.11595319769491391,0.11595319769491391,2.4630541871921186e-4,104,n.s.,2.487562189054727e-4,106,n.s.
Jomon,mbi2,Wakimisaki_2,2,8,0.07000000000000028,-0.12749999999999995,0.31207828688144457,dixon,0.11595319769491391,0.11595319769491391,2.4752475247524753e-4,105,n.s.,2.5e-4,107,n.s.
Jomon,mbi2,Wakimisaki_5,1,8,0.07000000000000028,-0.12749999999999995,0.31207828688144457,dixon,0.11595319769491391,0.11595319769491391,2.4390243902439027e-4,102,n.s.,2.4630541871921186e-4,104,n.s.
Jomon,mbi2,Wakimisaki_5,2,8,0.07000000000000028,-0.12749999999999995,0.31207828688144457,dixon,0.11595319769491391,0.11595319769491391,2.4509803921568627e-4,103,n.s.,2.4752475247524753e-4,105,n.s.
Jomon,mbm1,Okinoharu_21,1,16,-0.1399999999999988,-0.13624999999999982,0.8016306298206592,dixon,0,0,2.0080321285140563e-4,58,*,1.945525291828794e-4,50,*
Jomon,mbm1,Okinoharu_21,2,16,0.08999999999999986,-0.13624999999999982,0.8016306298206592,dixon,0,0,2.0161290322580645e-4,59,*,1.953125e-4,51,*
Jomon,mbm1,Okinoharu_24,1,16,-0.019999999999999574,-0.13624999999999982,0.8016306298206592,dixon,0,0,1.9920318725099602e-4,56,*,1.9305019305019305e-4,48,*
Jomon,mbm1,Okinoharu_24,2,16,-0.1999999999999993,-0.13624999999999982,0.8016306298206592,dixon,0,0,2e-4,57,*,1.937984496124031e-4,49,*
Jomon,mbm1,Okinoharu_25,1,16,-0.07000000000000028,-0.13624999999999982,0.8016306298206592,dixon,0,0,1.9305019305019305e-4,48,*,1.8726591760299626e-4,40,*
Jomon,mbm1,Okinoharu_25,2,16,-3.04,-0.13624999999999982,0.8016306298206592,dixon,0,0,1.937984496124031e-4,49,*,0.00018796992481203009,41,*
Jomon,mbm1,Okinoharu_28,1,16,-0.0600000000000005,-0.13624999999999982,0.8016306298206592,dixon,0,0,1.9607843137254904e-4,52,*,1.9011406844106465e-4,44,*
Jomon,mbm1,Okinoharu_28,2,16,-0.08999999999999986,-0.13624999999999982,0.8016306298206592,dixon,0,0,1.9685039370078743e-4,53,*,1.9083969465648855e-4,45,*
Jomon,mbm1,Okinoharu_30,1,16,0.08000000000000007,-0.13624999999999982,0.8016306298206592,dixon,0,0,1.976284584980237e-4,54,*,1.9157088122605365e-4,46,*
Jomon,mbm1,Okinoharu_30,2,16,0.6900000000000013,-0.13624999999999982,0.8016306298206592,dixon,0,0,1.984126984126984e-4,55,*,1.923076923076923e-4,47,*
Jomon,mbm1,Shirahama_1,1,16,0.030000000000001137,-0.13624999999999982,0.8016306298206592,dixon,0,0,1.945525291828794e-4,50,*,1.8867924528301889e-4,42,*
Jomon,mbm1,Shirahama_1,2,16,-0.02000000000000135,-0.13624999999999982,0.8016306298206592,dixon,0,0,1.953125e-4,51,*,1.893939393939394e-4,43,*
Jomon,mbm1,Wakimisaki_1,1,16,0.3200000000000003,-0.13624999999999982,0.8016306298206592,dixon,0,0,1.9011406844106465e-4,44,*,1.845018450184502e-4,36,*
Jomon,mbm1,Wakimisaki_1,2,16,0.11000000000000121,-0.13624999999999982,0.8016306298206592,dixon,0,0,1.9083969465648855e-4,45,*,1.851851851851852e-4,37,*
Jomon,mbm1,Wakimisaki_5,1,16,0.03999999999999915,-0.13624999999999982,0.8016306298206592,dixon,0,0,1.9157088122605365e-4,46,*,1.8587360594795541e-4,38,*
Jomon,mbm1,Wakimisaki_5,2,16,0.09999999999999964,-0.13624999999999982,0.8016306298206592,dixon,0,0,1.923076923076923e-4,47,*,1.8656716417910448e-4,39,*
Jomon,mbm2,Okinoharu_21,1,16,-0.0600000000000005,-0.008125000000000049,0.21575352449805618,dixon,0.441759216368917,0.441759216368917,4.716981132075472e-4,201,n.s.,4.5454545454545455e-4,197,n.s.
Jomon,mbm2,Okinoharu_21,2,16,-0.09999999999999964,-0.008125000000000049,0.21575352449805618,dixon,0.441759216368917,0.441759216368917,4.761904761904762e-4,202,n.s.,4.5871559633027525e-4,198,n.s.
Jomon,mbm2,Okinoharu_25,1,16,-0.10999999999999943,-0.008125000000000049,0.21575352449805618,dixon,0.441759216368917,0.441759216368917,4.6728971962616824e-4,200,n.s.,4.5045045045045046e-4,196,n.s.
Jomon,mbm2,Okinoharu_25,2,16,0.28999999999999915,-0.008125000000000049,0.21575352449805618,dixon,0,0,1.851851851851852e-4,37,*,1.7985611510791367e-4,29,*
Jomon,mbm2,Okinoharu_28,1,16,0.19000000000000128,-0.008125000000000049,0.21575352449805618,dixon,0,0,1.8587360594795541e-4,38,*,1.805054151624549e-4,30,*
Jomon,mbm2,Okinoharu_28,2,16,0.08000000000000007,-0.008125000000000049,0.21575352449805618,dixon,0,0,1.8656716417910448e-4,39,*,1.8115942028985507e-4,31,*
Jomon,mbm2,Okinoharu_30,1,16,0.040000000000000924,-0.008125000000000049,0.21575352449805618,dixon,0,0,1.8726591760299626e-4,40,*,1.8181818181818183e-4,32,*
Jomon,mbm2,Okinoharu_30,2,16,0.08999999999999986,-0.008125000000000049,0.21575352449805618,dixon,0,0,0.00018796992481203009,41,*,1.8248175182481753e-4,33,*
Jomon,mbm2,Saka_1,1,16,0,-0.008125000000000049,0.21575352449805618,dixon,0,0,1.8867924528301889e-4,42,*,1.8315018315018315e-4,34,*
Jomon,mbm2,Saka_1,2,16,0.02999999999999936,-0.008125000000000049,0.21575352449805618,dixon,0,0,1.893939393939394e-4,43,*,1.838235294117647e-4,35,*
Jomon,mbm2,Wakimisaki_1,1,16,-0.22000000000000064,-0.008125000000000049,0.21575352449805618,dixon,0.441759216368917,0.441759216368917,4.5454545454545455e-4,197,n.s.,4.385964912280702e-4,193,n.s.
Jomon,mbm2,Wakimisaki_1,2,16,0.14000000000000057,-0.008125000000000049,0.21575352449805618,dixon,0,0,1.8315018315018315e-4,34,*,1.7793594306049823e-4,26,*
Jomon,mbm2,Wakimisaki_2,1,16,0.049999999999998934,-0.008125000000000049,0.21575352449805618,dixon,0,0,1.845018450184502e-4,36,*,1.7921146953405018e-4,28,*
Jomon,mbm2,Wakimisaki_2,2,16,-0.6699999999999999,-0.008125000000000049,0.21575352449805618,dixon,0.441759216368917,0.441759216368917,4.62962962962963e-4,199,n.s.,4.4642857142857147e-4,195,n.s.
Jomon,mbm2,Wakimisaki_5,1,16,0.129999999999999,-0.008125000000000049,0.21575352449805618,dixon,0,0,1.838235294117647e-4,35,*,1.7857142857142857e-4,27,*
Jomon,mbm2,Wakimisaki_5,2,16,-0.009999999999999787,-0.008125000000000049,0.21575352449805618,dixon,0.441759216368917,0.441759216368917,4.5871559633027525e-4,198,n.s.,4.4247787610619474e-4,194,n.s.
Jomon,mbp1,Fukahori_2001-2,1,14,-0.16000000000000014,0.19571428571428579,0.70675547164722885,dixon,0.011160368907556586,0.011160368907556586,2.1367521367521368e-4,73,n.s.,2.173913043478261e-4,77,n.s.
Jomon,mbp1,Fukahori_2001-2,2,14,-0.009999999999999787,0.19571428571428579,0.70675547164722885,dixon,0.011160368907556586,0.011160368907556586,2.145922746781116e-4,74,n.s.,2.183406113537118e-4,78,n.s.
Jomon,mbp1,Okinoharu_21,1,14,-0.08000000000000007,0.19571428571428579,0.70675547164722885,dixon,0.011160368907556586,0.011160368907556586,2.2123893805309737e-4,81,n.s.,2.2026431718061675e-4,80,n.s.
Jomon,mbp1,Okinoharu_21,2,14,-0.08000000000000007,0.19571428571428579,0.70675547164722885,dixon,0.011160368907556586,0.011160368907556586,2.2222222222222223e-4,82,n.s.,2.2123893805309737e-4,81,n.s.
Jomon,mbp1,Okinoharu_25,1,14,2.4700000000000006,0.19571428571428579,0.70675547164722885,dixon,0,0,2.0408163265306123e-4,62,*,1.976284584980237e-4,54,*
Jomon,mbp1,Okinoharu_25,2,14,0,0.19571428571428579,0.70675547164722885,dixon,0.011160368907556586,0,2.192982456140351e-4,79,n.s.,2.032520325203252e-4,61,*
Jomon,mbp1,Shirahama_1,1,14,0.2400000000000002,0.19571428571428579,0.70675547164722885,dixon,0,0,2.0491803278688525e-4,63,*,1.984126984126984e-4,55,*
Jomon,mbp1,Shirahama_1,2,14,0,0.19571428571428579,0.70675547164722885,dixon,0.011160368907556586,0,2.2026431718061675e-4,80,n.s.,2.0408163265306123e-4,62,*
Jomon,mbp1,Wakimisaki_1,1,14,0.16000000000000014,0.19571428571428579,0.70675547164722885,dixon,0.011160368907556586,0,2.1551724137931037e-4,75,n.s.,2.0080321285140563e-4,58,*
Jomon,mbp1,Wakimisaki_1,2,14,0.23000000000000043,0.19571428571428579,0.70675547164722885,dixon,0,0,2.0242914979757087e-4,60,*,1.9607843137254904e-4,52,*
Jomon,mbp1,Wakimisaki_2,1,14,-0.7299999999999995,0.19571428571428579,0.70675547164722885,dixon,0.011160368907556586,0.011160368907556586,2.173913043478261e-4,77,n.s.,2.192982456140351e-4,79,n.s.
Jomon,mbp1,Wakimisaki_2,2,14,0.1299999999999999,0.19571428571428579,0.70675547164722885,dixon,0.011160368907556586,0,2.183406113537118e-4,78,n.s.,2.0242914979757087e-4,60,*
Jomon,mbp1,Wakimisaki_5,1,14,0.13999999999999968,0.19571428571428579,0.70675547164722885,dixon,0.011160368907556586,0,2.1645021645021645e-4,76,n.s.,2.0161290322580645e-4,59,*
Jomon,mbp1,Wakimisaki_5,2,14,0.4299999999999997,0.19571428571428579,0.70675547164722885,dixon,0,0,2.032520325203252e-4,61,*,1.9685039370078743e-4,53,*
Jomon,mbp2,Okinoharu_21,1,12,0.14000000000000057,0.005833333333333357,0.2705703851742342,dixon,0.5524428840964132,0.5524428840964132,7.462686567164179e-4,240,n.s.,7.8125e-4,243,n.s.
Jomon,mbp2,Okinoharu_21,2,12,0.009999999999999787,0.005833333333333357,0.2705703851742342,dixon,0.5524428840964132,0.5524428840964132,7.575757575757576e-4,241,n.s.,7.936507936507937e-4,244,n.s.
Jomon,mbp2,Okinoharu_25,1,12,-0.22000000000000064,0.005833333333333357,0.2705703851742342,dixon,0.14067317587019004,0.14067317587019004,2.793296089385475e-4,128,n.s.,2.7624309392265195e-4,126,n.s.
Jomon,mbp2,Okinoharu_25,2,12,0.3200000000000003,0.005833333333333357,0.2705703851742342,dixon,0.5524428840964132,0.5524428840964132,7.246376811594203e-4,238,n.s.,7.575757575757576e-4,241,n.s.
Jomon,mbp2,Shirahama_1,1,12,-0.05000000000000071,0.005833333333333357,0.2705703851742342,dixon,0.14067317587019004,0.14067317587019004,2.808988764044944e-4,129,n.s.,2.777777777777778e-4,127,n.s.
Jomon,mbp2,Shirahama_1,2,12,0.10000000000000142,0.005833333333333357,0.2705703851742342,dixon,0.5524428840964132,0.5524428840964132,7.352941176470588e-4,239,n.s.,7.692307692307692e-4,242,n.s.
Jomon,mbp2,Wakimisaki_1,1,12,0.5300000000000002,0.005833333333333357,0.2705703851742342,dixon,0.5524428840964132,0.5524428840964132,7.042253521126761e-4,236,n.s.,7.352941176470588e-4,239,n.s.
Jomon,mbp2,Wakimisaki_1,2,12,-0.5199999999999996,0.005833333333333357,0.2705703851742342,dixon,0.14067317587019004,0.14067317587019004,2.73224043715847e-4,124,n.s.,2.702702702702703e-4,122,n.s.
Jomon,mbp2,Wakimisaki_2,1,12,-0.08999999999999986,0.005833333333333357,0.2705703851742342,dixon,0.14067317587019004,0.14067317587019004,2.777777777777778e-4,127,n.s.,2.747252747252747e-4,125,n.s.
Jomon,mbp2,Wakimisaki_2,2,12,0.1299999999999999,0.005833333333333357,0.2705703851742342,dixon,0.5524428840964132,0.5524428840964132,7.142857142857143e-4,237,n.s.,7.462686567164179e-4,240,n.s.
Jomon,mbp2,Wakimisaki_5,1,12,-0.08000000000000007,0.005833333333333357,0.2705703851742342,dixon,0.14067317587019004,0.14067317587019004,2.747252747252747e-4,125,n.s.,2.717391304347826e-4,123,n.s.
Jomon,mbp2,Wakimisaki_5,2,12,-0.20000000000000107,0.005833333333333357,0.2705703851742342,dixon,0.14067317587019004,0.14067317587019004,2.7624309392265195e-4,126,n.s.,2.73224043715847e-4,124,n.s.
Jomon,mlc,Fukahori_2001-2,1,12,-0.020000000000000462,-0.10166666666666672,0.3691472564840445,dixon,0,0.8572458272373753,1.7605633802816902e-4,23,*,0.0020833333333333333,283,n.s.
Jomon,mlc,Fukahori_2001-2,2,12,0.14999999999999947,-0.10166666666666672,0.3691472564840445,dixon,0,0,1.76678445229682e-4,24,*,1.724137931034483e-4,17,*
Jomon,mlc,Okinoharu_21,1,12,0.040000000000000036,-0.10166666666666672,0.3691472564840445,dixon,0,0,1.7985611510791367e-4,29,*,1.7482517482517483e-4,21,*
Jomon,mlc,Okinoharu_21,2,12,0.010000000000000675,-0.10166666666666672,0.3691472564840445,dixon,0,0,1.805054151624549e-4,30,*,1.7543859649122808e-4,22,*
Jomon,mlc,Okinoharu_25,1,12,0.08999999999999986,-0.10166666666666672,0.3691472564840445,dixon,0,0,1.7857142857142857e-4,27,*,1.7421602787456446e-4,20,*
Jomon,mlc,Okinoharu_25,2,12,-0.5,-0.10166666666666672,0.3691472564840445,dixon,0.8572458272373753,0.8572458272373753,0.0035714285714285718,293,n.s.,0.0025,287,n.s.
Jomon,mlc,Shirahama_1,1,12,-0.1299999999999999,-0.10166666666666672,0.3691472564840445,dixon,0.8572458272373753,0.8572458272373753,0.0038461538461538464,294,n.s.,0.002631578947368421,288,n.s.
Jomon,mlc,Shirahama_1,2,12,-0.08999999999999986,-0.10166666666666672,0.3691472564840445,dixon,0,0.8572458272373753,1.7921146953405018e-4,28,*,0.002173913043478261,284,n.s.
Jomon,mlc,Wakimisaki_2,1,12,0.0699999999999994,-0.10166666666666672,0.3691472564840445,dixon,0,0,1.7793594306049823e-4,26,*,1.7361111111111112e-4,19,*
Jomon,mlc,Wakimisaki_2,2,12,-0.1200000000000001,-0.10166666666666672,0.3691472564840445,dixon,0.8572458272373753,0.8572458272373753,0.0033333333333333335,292,n.s.,0.002380952380952381,286,n.s.
Jomon,mlc,Wakimisaki_5,1,12,-1.08,-0.10166666666666672,0.3691472564840445,dixon,0.8572458272373753,0.8572458272373753,0.003125,291,n.s.,0.002272727272727273,285,n.s.
Jomon,mlc,Wakimisaki_5,2,12,0.3600000000000003,-0.10166666666666672,0.3691472564840445,dixon,0,0,1.773049645390071e-4,25,*,1.730103806228374e-4,18,*
Jomon,mli1,Okinoharu_21,1,12,0.1999999999999993,0.16333333333333333,0.421195988354662,dixon,0,0,1.8248175182481753e-4,33,*,1.773049645390071e-4,25,*
Jomon,mli1,Okinoharu_21,2,12,0.13999999999999968,0.16333333333333333,0.421195988354662,dixon,0.7172755344711,0,0.0017857142857142859,279,n.s.,2.092050209205021e-4,68,*
Jomon,mli1,Okinoharu_22,1,12,0.0699999999999994,0.16333333333333333,0.421195988354662,dixon,0.7172755344711,0,0.001851851851851852,280,n.s.,2.100840336134454e-4,69,*
Jomon,mli1,Okinoharu_22,2,12,-0.02999999999999936,0.16333333333333333,0.421195988354662,dixon,0.7172755344711,0.7172755344711,0.0019230769230769232,281,n.s.,0.0015151515151515152,274,n.s.
Jomon,mli1,Okinoharu_25,1,12,0.13000000000000078,0.16333333333333333,0.421195988354662,dixon,0.7172755344711,0,0.0015151515151515152,274,n.s.,2.066115702479339e-4,65,*
Jomon,mli1,Okinoharu_25,2,12,0.16000000000000014,0.16333333333333333,0.421195988354662,dixon,0.7172755344711,0,0.0015625,275,n.s.,2.0746887966804981e-4,66,*
Jomon,mli1,Okinoharu_28,1,12,0.3799999999999999,0.16333333333333333,0.421195988354662,dixon,0,0,1.8181818181818183e-4,32,*,1.76678445229682e-4,24,*
Jomon,mli1,Okinoharu_28,2,12,0.040000000000000036,0.16333333333333333,0.421195988354662,dixon,0.7172755344711,0,0.001724137931034483,278,n.s.,2.0833333333333335e-4,67,*
Jomon,mli1,Shirahama_1,1,12,-0.20999999999999996,0.16333333333333333,0.421195988354662,dixon,0.7172755344711,0.7172755344711,0.0016129032258064516,276,n.s.,0.0014285714285714286,272,n.s.
Jomon,mli1,Shirahama_1,2,12,-0.2600000000000007,0.16333333333333333,0.421195988354662,dixon,0.7172755344711,0.7172755344711,0.0016666666666666668,277,n.s.,0.0014705882352941176,273,n.s.
Jomon,mli1,Wakimisaki_5,1,12,-0.03999999999999915,0.16333333333333333,0.421195988354662,dixon,0.7172755344711,0.7172755344711,0.0014705882352941176,273,n.s.,0.001388888888888889,271,n.s.
Jomon,mli1,Wakimisaki_5,2,12,1.38,0.16333333333333333,0.421195988354662,dixon,0,0,1.8115942028985507e-4,31,*,1.7605633802816902e-4,23,*
Jomon,mli2,Okinoharu_25,1,6,-0.08000000000000007,-0.0650000000000001,0.6128213442758009,dixon,0.2897619423068001,0.2897619423068001,4.032258064516129e-4,183,n.s.,3.875968992248062e-4,178,n.s.
Jomon,mli2,Okinoharu_25,2,6,-0.5,-0.0650000000000001,0.6128213442758009,dixon,0.2897619423068001,0.2897619423068001,4.065040650406504e-4,184,n.s.,3.90625e-4,179,n.s.
Jomon,mli2,Shirahama_1,1,6,-0.46999999999999975,-0.0650000000000001,0.6128213442758009,dixon,0.2897619423068001,0.2897619423068001,4.098360655737705e-4,185,n.s.,3.9370078740157485e-4,180,n.s.
Jomon,mli2,Shirahama_1,2,6,-0.5899999999999999,-0.0650000000000001,0.6128213442758009,dixon,0.2897619423068001,0.2897619423068001,4.132231404958678e-4,186,n.s.,3.968253968253968e-4,181,n.s.
Jomon,mli2,Wakimisaki_5,1,6,0.23999999999999932,-0.0650000000000001,0.6128213442758009,dixon,0.20120954170173128,0.20120954170173128,3.4013605442176874e-4,160,n.s.,3.225806451612903e-4,152,n.s.
Jomon,mli2,Wakimisaki_5,2,6,1.0099999999999998,-0.0650000000000001,0.6128213442758009,dixon,0.20120954170173128,0.20120954170173128,3.4246575342465754e-4,161,n.s.,3.246753246753247e-4,153,n.s.
Jomon,mlm1,Okinoharu_21,1,16,0.019999999999999574,-0.45,1.2105921416122498,dixon,0,0,1.7482517482517483e-4,21,*,1.718213058419244e-4,16,*
Jomon,mlm1,Okinoharu_21,2,16,-0.370000000000001,-0.45,1.2105921416122498,dixon,0,0.5486033451817243,1.7543859649122808e-4,22,*,7.042253521126761e-4,236,n.s.
Jomon,mlm1,Okinoharu_24,1,16,-0.019999999999999574,-0.45,1.2105921416122498,dixon,0,0.5486033451817243,1.7361111111111112e-4,19,*,6.944444444444445e-4,235,n.s.
Jomon,mlm1,Okinoharu_24,2,16,0.009999999999999787,-0.45,1.2105921416122498,dixon,0,0,1.7421602787456446e-4,20,*,1.7123287671232877e-4,15,*
Jomon,mlm1,Okinoharu_25,1,16,0.08000000000000007,-0.45,1.2105921416122498,dixon,0,0,1.6949152542372882e-4,12,*,1.6891891891891893e-4,11,*
Jomon,mlm1,Okinoharu_25,2,16,-3.2800000000000002,-0.45,1.2105921416122498,dixon,0.5486033451817243,0.5486033451817243,6.944444444444445e-4,235,n.s.,7.246376811594203e-4,238,n.s.
Jomon,mlm1,Okinoharu_28,1,16,-0.2599999999999998,-0.45,1.2105921416122498,dixon,0,0.5486033451817243,1.7123287671232877e-4,15,*,6.666666666666668e-4,232,n.s.
Jomon,mlm1,Okinoharu_28,2,16,-0.2400000000000002,-0.45,1.2105921416122498,dixon,0,0.5486033451817243,1.718213058419244e-4,16,*,6.756756756756757e-4,233,n.s.
Jomon,mlm1,Okinoharu_30,1,16,-0.009999999999999787,-0.45,1.2105921416122498,dixon,0,0.5486033451817243,1.724137931034483e-4,17,*,6.849315068493151e-4,234,n.s.
Jomon,mlm1,Okinoharu_30,2,16,0.0600000000000005,-0.45,1.2105921416122498,dixon,0,0,1.730103806228374e-4,18,*,1.7064846416382253e-4,14,*
Jomon,mlm1,Shirahama_1,1,16,0.27999999999999936,-0.45,1.2105921416122498,dixon,0,0,1.7006802721088437e-4,13,*,1.6949152542372882e-4,12,*
Jomon,mlm1,Shirahama_1,2,16,0.3100000000000005,-0.45,1.2105921416122498,dixon,0,0,1.7064846416382253e-4,14,*,1.7006802721088437e-4,13,*
Jomon,mlm1,Wakimisaki_1,1,16,0.02000000000000135,-0.45,1.2105921416122498,dixon,0,0,1.6778523489932888e-4,9,*,1.6778523489932888e-4,9,*
Jomon,mlm1,Wakimisaki_1,2,16,-0.2599999999999998,-0.45,1.2105921416122498,dixon,0,0.5486033451817243,1.6835016835016836e-4,10,*,6.578947368421052e-4,231,n.s.
Jomon,mlm1,Wakimisaki_5,1,16,-3.7300000000000004,-0.45,1.2105921416122498,dixon,0.5486033451817243,0.5486033451817243,6.849315068493151e-4,234,n.s.,7.142857142857143e-4,237,n.s.
Jomon,mlm1,Wakimisaki_5,2,16,0.1899999999999995,-0.45,1.2105921416122498,dixon,0,0,1.6891891891891893e-4,11,*,1.6835016835016836e-4,10,*
Jomon,mlm2,Okinoharu_21,1,16,-0.2900000000000009,-0.0681250000000001,0.24604115509402077,dixon,0.5268978786685639,0.5268978786685639,5.813953488372093e-4,221,n.s.,5.555555555555556e-4,217,n.s.
Jomon,mlm2,Okinoharu_21,2,16,-0.3199999999999985,-0.0681250000000001,0.24604115509402077,dixon,0.5268978786685639,0.5268978786685639,5.882352941176471e-4,222,n.s.,5.617977528089888e-4,218,n.s.
Jomon,mlm2,Okinoharu_25,1,16,0.11999999999999922,-0.0681250000000001,0.24604115509402077,dixon,0.5398154087267183,0.5398154087267183,6.329113924050633e-4,228,n.s.,6.097560975609756e-4,225,n.s.
Jomon,mlm2,Okinoharu_25,2,16,-0.10000000000000142,-0.0681250000000001,0.24604115509402077,dixon,0.5268978786685639,0.5268978786685639,5.681818181818183e-4,219,n.s.,5.434782608695652e-4,215,n.s.
Jomon,mlm2,Okinoharu_28,1,16,0.40000000000000036,-0.0681250000000001,0.24604115509402077,dixon,0.5398154087267183,0.5398154087267183,6.41025641025641e-4,229,n.s.,6.172839506172839e-4,226,n.s.
Jomon,mlm2,Okinoharu_28,2,16,-0.1999999999999993,-0.0681250000000001,0.24604115509402077,dixon,0.5268978786685639,0.5268978786685639,5.747126436781609e-4,220,n.s.,0.00054945054945054945,216,n.s.
Jomon,mlm2,Okinoharu_30,1,16,0.0600000000000005,-0.0681250000000001,0.24604115509402077,dixon,0.5398154087267183,0.5398154087267183,0.00064935064935064935,230,n.s.,6.25e-4,227,n.s.
Jomon,mlm2,Okinoharu_30,2,16,0.08000000000000007,-0.0681250000000001,0.24604115509402077,dixon,0.5398154087267183,0.5398154087267183,6.578947368421052e-4,231,n.s.,6.329113924050633e-4,228,n.s.
Jomon,mlm2,Saka_1,1,16,0.14000000000000057,-0.0681250000000001,0.24604115509402077,dixon,0.5398154087267183,0.5398154087267183,6.666666666666668e-4,232,n.s.,6.41025641025641e-4,229,n.s.
Jomon,mlm2,Saka_1,2,16,0.2400000000000002,-0.0681250000000001,0.24604115509402077,dixon,0.5398154087267183,0.5398154087267183,6.756756756756757e-4,233,n.s.,0.00064935064935064935,230,n.s.
Jomon,mlm2,Wakimisaki_1,1,16,-0.4399999999999995,-0.0681250000000001,0.24604115509402077,dixon,0.5268978786685639,0.5268978786685639,5.434782608695652e-4,215,n.s.,5.208333333333333e-4,211,n.s.
Jomon,mlm2,Wakimisaki_1,2,16,0.049999999999998934,-0.0681250000000001,0.24604115509402077,dixon,0.5398154087267183,0.5398154087267183,6.172839506172839e-4,226,n.s.,5.952380952380953e-4,223,n.s.
Jomon,mlm2,Wakimisaki_2,1,16,-0.16000000000000014,-0.0681250000000001,0.24604115509402077,dixon,0.5268978786685639,0.5268978786685639,5.617977528089888e-4,218,n.s.,5.376344086021505e-4,214,n.s.
Jomon,mlm2,Wakimisaki_2,2,16,0.049999999999998934,-0.0681250000000001,0.24604115509402077,dixon,0.5398154087267183,0.5398154087267183,6.25e-4,227,n.s.,6.024096385542169e-4,224,n.s.
Jomon,mlm2,Wakimisaki_5,1,16,-0.33999999999999986,-0.0681250000000001,0.24604115509402077,dixon,0.5268978786685639,0.5268978786685639,0.00054945054945054945,216,n.s.,5.263157894736842e-4,212,n.s.
Jomon,mlm2,Wakimisaki_5,2,16,-0.3800000000000008,-0.0681250000000001,0.24604115509402077,dixon,0.5268978786685639,0.5268978786685639,5.555555555555556e-4,217,n.s.,5.319148936170213e-4,213,n.s.
Jomon,mlp1,Fukahori_2001-2,1,14,0.3299999999999992,-0.003571428571428686,0.3529133069151715,dixon,0.44394574282349436,0.44394574282349436,4.807692307692308e-4,203,n.s.,4.62962962962963e-4,199,n.s.
Jomon,mlp1,Fukahori_2001-2,2,14,-0.35000000000000053,-0.003571428571428686,0.3529133069151715,dixon,0.8290471274532987,0.8290471274532987,0.002272727272727273,285,n.s.,0.0016666666666666668,277,n.s.
Jomon,mlp1,Okinoharu_21,1,14,-0.35999999999999943,-0.003571428571428686,0.3529133069151715,dixon,0.8290471274532987,0.8290471274532987,0.002777777777777778,289,n.s.,0.0019230769230769232,281,n.s.
Jomon,mlp1,Okinoharu_21,2,14,-0.07000000000000028,-0.003571428571428686,0.3529133069151715,dixon,0.8290471274532987,0.8290471274532987,0.0029411764705882353,290,n.s.,0.002,282,n.s.
Jomon,mlp1,Okinoharu_25,1,14,0.040000000000000036,-0.003571428571428686,0.3529133069151715,dixon,0.44394574282349436,0.44394574282349436,5.05050505050505e-4,208,n.s.,4.8543689320388353e-4,204,n.s.
Jomon,mlp1,Okinoharu_25,2,14,-0.8199999999999994,-0.003571428571428686,0.3529133069151715,dixon,0.8290471274532987,0.8290471274532987,0.002631578947368421,288,n.s.,0.001851851851851852,280,n.s.
Jomon,mlp1,Shirahama_1,1,14,0.11999999999999922,-0.003571428571428686,0.3529133069151715,dixon,0.44394574282349436,0.44394574282349436,5.102040816326531e-4,209,n.s.,4.901960784313725e-4,205,n.s.
Jomon,mlp1,Shirahama_1,2,14,0.0600000000000005,-0.003571428571428686,0.3529133069151715,dixon,0.44394574282349436,0.44394574282349436,5.154639175257732e-4,210,n.s.,4.950495049504951e-4,206,n.s.
Jomon,mlp1,Wakimisaki_1,1,14,-0.16999999999999993,-0.003571428571428686,0.3529133069151715,dixon,0.8290471274532987,0.8290471274532987,0.002380952380952381,286,n.s.,0.001724137931034483,278,n.s.
Jomon,mlp1,Wakimisaki_1,2,14,0.08000000000000007,-0.003571428571428686,0.3529133069151715,dixon,0.44394574282349436,0.44394574282349436,4.8543689320388353e-4,204,n.s.,4.6728971962616824e-4,200,n.s.
Jomon,mlp1,Wakimisaki_2,1,14,-0.10000000000000053,-0.003571428571428686,0.3529133069151715,dixon,0.8290471274532987,0.8290471274532987,0.0025,287,n.s.,0.0017857142857142859,279,n.s.
Jomon,mlp1,Wakimisaki_2,2,14,0.35999999999999943,-0.003571428571428686,0.3529133069151715,dixon,0.44394574282349436,0.44394574282349436,5e-4,207,n.s.,4.807692307692308e-4,203,n.s.
Jomon,mlp1,Wakimisaki_5,1,14,0.5599999999999996,-0.003571428571428686,0.3529133069151715,dixon,0.44394574282349436,0.44394574282349436,4.901960784313725e-4,205,n.s.,4.716981132075472e-4,201,n.s.
Jomon,mlp1,Wakimisaki_5,2,14,0.27000000000000046,-0.003571428571428686,0.3529133069151715,dixon,0.44394574282349436,0.44394574282349436,4.950495049504951e-4,206,n.s.,4.761904761904762e-4,202,n.s.
Jomon,mlp2,Okinoharu_21,1,12,0.08999999999999986,0.002499999999999799,0.21324868112136108,dixon,0.03586381069649382,0.03586381069649382,2.314814814814815e-4,91,n.s.,2.304147465437788e-4,90,n.s.
Jomon,mlp2,Okinoharu_21,2,12,0.02999999999999936,0.002499999999999799,0.21324868112136108,dixon,0.03586381069649382,0.03586381069649382,2.3255813953488373e-4,92,n.s.,2.314814814814815e-4,91,n.s.
Jomon,mlp2,Okinoharu_25,1,12,0.5299999999999994,0.002499999999999799,0.21324868112136108,dixon,0.03586381069649382,0.03586381069649382,2.304147465437788e-4,90,n.s.,2.2935779816513763e-4,89,n.s.
Jomon,mlp2,Okinoharu_25,2,12,-0.20999999999999996,0.002499999999999799,0.21324868112136108,dixon,0.2216246240277473,0.2216246240277473,3.703703703703704e-4,172,n.s.,3.4722222222222224e-4,163,n.s.
Jomon,mlp2,Shirahama_1,1,12,-0.1900000000000004,0.002499999999999799,0.21324868112136108,dixon,0.2216246240277473,0.2216246240277473,3.7313432835820896e-4,173,n.s.,3.4965034965034965e-4,164,n.s.
Jomon,mlp2,Shirahama_1,2,12,-0.16000000000000014,0.002499999999999799,0.21324868112136108,dixon,0.2216246240277473,0.2216246240277473,0.00037593984962406017,174,n.s.,3.5211267605633805e-4,165,n.s.
Jomon,mlp2,Wakimisaki_1,1,12,-0.16000000000000014,0.002499999999999799,0.21324868112136108,dixon,0.2216246240277473,0.2216246240277473,3.5971223021582735e-4,168,n.s.,3.4013605442176874e-4,160,n.s.
Jomon,mlp2,Wakimisaki_1,2,12,0.08999999999999986,0.002499999999999799,0.21324868112136108,dixon,0.03586381069649382,0.03586381069649382,2.2831050228310504e-4,88,n.s.,2.2727272727272727e-4,87,n.s.
Jomon,mlp2,Wakimisaki_2,1,12,-0.08999999999999986,0.002499999999999799,0.21324868112136108,dixon,0.2216246240277473,0.2216246240277473,3.6496350364963507e-4,170,n.s.,3.4246575342465754e-4,161,n.s.
Jomon,mlp2,Wakimisaki_2,2,12,-0.1200000000000001,0.002499999999999799,0.21324868112136108,dixon,0.2216246240277473,0.2216246240277473,3.676470588235294e-4,171,n.s.,3.448275862068966e-4,162,n.s.
Jomon,mlp2,Wakimisaki_5,1,12,0,0.002499999999999799,0.21324868112136108,dixon,0.2216246240277473,0.03586381069649382,3.6231884057971015e-4,169,n.s.,2.3255813953488373e-4,92,n.s.
Jomon,mlp2,Wakimisaki_5,2,12,0.21999999999999975,0.002499999999999799,0.21324868112136108,dixon,0.03586381069649382,0.03586381069649382,2.2935779816513763e-4,89,n.s.,2.2831050228310504e-4,88,n.s.
Jomon,xbc,Fukahori_2002-2,1,8,-0.1900000000000004,0.12124999999999964,0.23086406018632338,dixon,0.5738614777639173,0.5738614777639173,7.692307692307692e-4,242,n.s.,8.064516129032258e-4,245,n.s.
Jomon,xbc,Fukahori_2002-2,2,8,0.2699999999999996,0.12124999999999964,0.23086406018632338,dixon,0.16719349797757427,0.16719349797757427,3.225806451612903e-4,152,n.s.,3.0120481927710846e-4,141,n.s.
Jomon,xbc,Okinoharu_25,1,8,0.009999999999999787,0.12124999999999964,0.23086406018632338,dixon,0.5738614777639173,0.16719349797757427,7.936507936507937e-4,244,n.s.,3.0864197530864197e-4,145,n.s.
Jomon,xbc,Okinoharu_25,2,8,0.5800000000000001,0.12124999999999964,0.23086406018632338,dixon,0.16719349797757427,0.16719349797757427,3.2679738562091506e-4,154,n.s.,3.048780487804878e-4,143,n.s.
Jomon,xbc,Shirahama_1,1,8,0.11999999999999922,0.12124999999999964,0.23086406018632338,dixon,0.5738614777639173,0.16719349797757427,8.064516129032258e-4,245,n.s.,3.1055900621118014e-4,146,n.s.
Jomon,xbc,Shirahama_1,2,8,-0.040000000000000924,0.12124999999999964,0.23086406018632338,dixon,0.5738614777639173,0.5738614777639173,8.19672131147541e-4,246,n.s.,8.19672131147541e-4,246,n.s.
Jomon,xbc,Wakimisaki_5,1,8,0.0600000000000005,0.12124999999999964,0.23086406018632338,dixon,0.5738614777639173,0.16719349797757427,7.8125e-4,243,n.s.,3.0674846625766873e-4,144,n.s.
Jomon,xbc,Wakimisaki_5,2,8,0.15999999999999925,0.12124999999999964,0.23086406018632338,dixon,0.16719349797757427,0.16719349797757427,3.246753246753247e-4,153,n.s.,3.0303030303030303e-4,142,n.s.
Jomon,xbi1,Fukahori_2001-2,1,14,0.05999999999999961,-0.08642857142857142,0.15340279522361233,dixon,0.14270659856575596,0.14270659856575596,2.8409090909090913e-4,131,n.s.,2.808988764044944e-4,129,n.s.
Jomon,xbi1,Fukahori_2001-2,2,14,-0.03000000000000025,-0.08642857142857142,0.15340279522361233,dixon,0.14270659856575596,0.9292090425364257,2.8571428571428574e-4,132,n.s.,0.0035714285714285718,293,n.s.
Jomon,xbi1,Fukahori_2002-2,1,14,-0.1299999999999999,-0.08642857142857142,0.15340279522361233,dixon,0.9292090425364257,0.9292090425364257,0.005,297,n.s.,0.005,297,n.s.
Jomon,xbi1,Fukahori_2002-2,2,14,0.020000000000000462,-0.08642857142857142,0.15340279522361233,dixon,0.14270659856575596,0.14270659856575596,2.824858757062147e-4,130,n.s.,2.793296089385475e-4,128,n.s.
Jomon,xbi1,Okinoharu_25,1,14,-0.4499999999999993,-0.08642857142857142,0.15340279522361233,dixon,0.9292090425364257,0.9292090425364257,0.01,302,n.s.,0.01,302,n.s.
Jomon,xbi1,Okinoharu_25,2,14,-0.009999999999999787,-0.08642857142857142,0.15340279522361233,dixon,0.14270659856575596,0.9292090425364257,2.9069767441860465e-4,135,n.s.,0.004545454545454546,296,n.s.
Jomon,xbi1,Shirahama_1,1,14,0.04999999999999982,-0.08642857142857142,0.15340279522361233,dixon,0.14270659856575596,0.14270659856575596,2.9239766081871346e-4,136,n.s.,2.824858757062147e-4,130,n.s.
Jomon,xbi1,Shirahama_1,2,14,0.13999999999999968,-0.08642857142857142,0.15340279522361233,dixon,0.14270659856575596,0.14270659856575596,2.9411764705882356e-4,137,n.s.,2.8409090909090913e-4,131,n.s.
Jomon,xbi1,Wakimisaki_1,1,14,-0.1899999999999995,-0.08642857142857142,0.15340279522361233,dixon,0.9292090425364257,0.9292090425364257,0.005555555555555556,298,n.s.,0.005555555555555556,298,n.s.
Jomon,xbi1,Wakimisaki_1,2,14,-0.27000000000000046,-0.08642857142857142,0.15340279522361233,dixon,0.9292090425364257,0.9292090425364257,0.00625,299,n.s.,0.00625,299,n.s.
Jomon,xbi1,Wakimisaki_2,1,14,-0.02999999999999936,-0.08642857142857142,0.15340279522361233,dixon,0.14270659856575596,0.9292090425364257,2.8901734104046245e-4,134,n.s.,0.004166666666666667,295,n.s.
Jomon,xbi1,Wakimisaki_2,2,14,-0.1200000000000001,-0.08642857142857142,0.15340279522361233,dixon,0.9292090425364257,0.9292090425364257,0.008333333333333333,301,n.s.,0.008333333333333333,301,n.s.
Jomon,xbi1,Wakimisaki_5,1,14,-0.0600000000000005,-0.08642857142857142,0.15340279522361233,dixon,0.14270659856575596,0.9292090425364257,2.8735632183908046e-4,133,n.s.,0.0038461538461538464,294,n.s.
Jomon,xbi1,Wakimisaki_5,2,14,-0.1900000000000004,-0.08642857142857142,0.15340279522361233,dixon,0.9292090425364257,0.9292090425364257,0.0071428571428571435,300,n.s.,0.0071428571428571435,300,n.s.
Jomon,xbi2,Fukahori_2001-2,1,10,0.04999999999999982,-0.07400000000000002,0.3149320914454771,dixon,0.1253268991935031,0.1253268991935031,2.631578947368421e-4,117,n.s.,2.6455026455026457e-4,118,n.s.
Jomon,xbi2,Fukahori_2001-2,2,10,-0.02999999999999936,-0.07400000000000002,0.3149320914454771,dixon,0.1253268991935031,0.12229041445054367,2.6455026455026457e-4,118,n.s.,2.5906735751295336e-4,114,n.s.
Jomon,xbi2,Fukahori_2002-2,1,10,-0.8400000000000007,-0.07400000000000002,0.3149320914454771,dixon,0.12229041445054367,0.12229041445054367,2.5906735751295336e-4,114,n.s.,2.564102564102564e-4,112,n.s.
Jomon,xbi2,Fukahori_2002-2,2,10,0.05999999999999961,-0.07400000000000002,0.3149320914454771,dixon,0.1253268991935031,0.1253268991935031,2.617801047120419e-4,116,n.s.,2.631578947368421e-4,117,n.s.
Jomon,xbi2,Shirahama_1,1,10,-0.3700000000000001,-0.07400000000000002,0.3149320914454771,dixon,0.12229041445054367,0.12229041445054367,2.6041666666666666e-4,115,n.s.,2.577319587628866e-4,113,n.s.
Jomon,xbi2,Shirahama_1,2,10,0.1900000000000004,-0.07400000000000002,0.3149320914454771,dixon,0.1253268991935031,0.1253268991935031,2.717391304347826e-4,123,n.s.,2.6881720430107527e-4,121,n.s.
Jomon,xbi2,Wakimisaki_2,1,10,-0.04999999999999982,-0.07400000000000002,0.3149320914454771,dixon,0.1253268991935031,0.12229041445054367,2.6881720430107527e-4,121,n.s.,2.6041666666666666e-4,115,n.s.
Jomon,xbi2,Wakimisaki_2,2,10,-0.07000000000000028,-0.07400000000000002,0.3149320914454771,dixon,0.1253268991935031,0.12229041445054367,2.702702702702703e-4,122,n.s.,2.617801047120419e-4,116,n.s.
Jomon,xbi2,Wakimisaki_5,1,10,0.20000000000000018,-0.07400000000000002,0.3149320914454771,dixon,0.1253268991935031,0.1253268991935031,2.6595744680851064e-4,119,n.s.,2.6595744680851064e-4,119,n.s.
Jomon,xbi2,Wakimisaki_5,2,10,0.1200000000000001,-0.07400000000000002,0.3149320914454771,dixon,0.1253268991935031,0.1253268991935031,2.6737967914438503e-4,120,n.s.,2.6737967914438503e-4,120,n.s.
Jomon,xbm1,Fukahori_2001-2,1,10,-0.019999999999999574,-0.030000000000000072,0.24349309823666176,dixon,0.6366639307682889,0.9095080082995106,0.0010869565217391304,261,n.s.,0.002777777777777778,289,n.s.
Jomon,xbm1,Fukahori_2001-2,2,10,0.03999999999999915,-0.030000000000000072,0.24349309823666176,dixon,0.6366639307682889,0.6366639307682889,0.0011111111111111111,262,n.s.,0.0010638297872340426,260,n.s.
Jomon,xbm1,Okinoharu_21,1,10,0.17999999999999972,-0.030000000000000072,0.24349309823666176,dixon,0.6366639307682889,0.6366639307682889,0.00125,267,n.s.,0.0011627906976744186,264,n.s.
Jomon,xbm1,Okinoharu_21,2,10,0.009999999999999787,-0.030000000000000072,0.24349309823666176,dixon,0.6366639307682889,0.6366639307682889,0.001282051282051282,268,n.s.,0.0011904761904761906,265,n.s.
Jomon,xbm1,Okinoharu_25,1,10,0.049999999999998934,-0.030000000000000072,0.24349309823666176,dixon,0.6366639307682889,0.6366639307682889,0.0011627906976744186,264,n.s.,0.0011111111111111111,262,n.s.
Jomon,xbm1,Okinoharu_25,2,10,0.07000000000000028,-0.030000000000000072,0.24349309823666176,dixon,0.6366639307682889,0.6366639307682889,0.0011904761904761906,265,n.s.,0.0011363636363636365,263,n.s.
Jomon,xbm1,Shirahama_1,1,10,-0.48999999999999844,-0.030000000000000072,0.24349309823666176,dixon,0.9095080082995106,0.9095080082995106,0.004545454545454546,296,n.s.,0.0033333333333333335,292,n.s.
Jomon,xbm1,Shirahama_1,2,10,-0.009999999999999787,-0.030000000000000072,0.24349309823666176,dixon,0.6366639307682889,0.9095080082995106,0.0012195121951219512,266,n.s.,0.0029411764705882353,290,n.s.
Jomon,xbm1,Wakimisaki_5,1,10,-0.41999999999999993,-0.030000000000000072,0.24349309823666176,dixon,0.9095080082995106,0.9095080082995106,0.004166666666666667,295,n.s.,0.003125,291,n.s.
Jomon,xbm1,Wakimisaki_5,2,10,0.28999999999999915,-0.030000000000000072,0.24349309823666176,dixon,0.6366639307682889,0.6366639307682889,0.0011363636363636365,263,n.s.,0.0010869565217391304,261,n.s.
Jomon,xbm2,Okinoharu_21,1,8,-0.03999999999999915,-0.024999999999999467,0.3057543364953542,dixon,0.6177276948590427,0.6177276948590427,8.620689655172415e-4,249,n.s.,8.771929824561404e-4,250,n.s.
Jomon,xbm2,Okinoharu_21,2,8,-0.22999999999999865,-0.024999999999999467,0.3057543364953542,dixon,0.6177276948590427,0.6177276948590427,8.771929824561404e-4,250,n.s.,8.928571428571429e-4,251,n.s.
Jomon,xbm2,Okinoharu_25,1,8,0,-0.024999999999999467,0.3057543364953542,dixon,0.2523228255985445,0.2523228255985445,3.9370078740157485e-4,180,n.s.,3.816793893129771e-4,176,n.s.
Jomon,xbm2,Okinoharu_25,2,8,-0.009999999999999787,-0.024999999999999467,0.3057543364953542,dixon,0.2523228255985445,0.6177276948590427,3.968253968253968e-4,181,n.s.,8.333333333333334e-4,247,n.s.
Jomon,xbm2,Shirahama_1,1,8,-0.2400000000000002,-0.024999999999999467,0.3057543364953542,dixon,0.6177276948590427,0.6177276948590427,8.474576271186442e-4,248,n.s.,8.620689655172415e-4,249,n.s.
Jomon,xbm2,Shirahama_1,2,8,0.20000000000000107,-0.024999999999999467,0.3057543364953542,dixon,0.2523228255985445,0.2523228255985445,4e-4,182,n.s.,3.846153846153846e-4,177,n.s.
Jomon,xbm2,Wakimisaki_1,1,8,-0.4399999999999995,-0.024999999999999467,0.3057543364953542,dixon,0.6177276948590427,0.6177276948590427,8.333333333333334e-4,247,n.s.,8.474576271186442e-4,248,n.s.
Jomon,xbm2,Wakimisaki_1,2,8,0.5600000000000005,-0.024999999999999467,0.3057543364953542,dixon,0.2523228255985445,0.2523228255985445,3.90625e-4,179,n.s.,3.787878787878788e-4,175,n.s.
Jomon,xbp1,Okinoharu_21,1,10,-0.04999999999999982,-0.02399999999999993,0.17455976372323337,dixon,0.6767180027232348,0.6767180027232348,0.001388888888888889,271,n.s.,0.0013157894736842105,269,n.s.
Jomon,xbp1,Okinoharu_21,2,10,-0.3000000000000007,-0.02399999999999993,0.17455976372323337,dixon,0.6767180027232348,0.6767180027232348,0.0014285714285714286,272,n.s.,0.0013513513513513514,270,n.s.
Jomon,xbp1,Okinoharu_25,1,10,0.08000000000000007,-0.02399999999999993,0.17455976372323337,dixon,0.3079627263907072,0.3079627263907072,4.237288135593221e-4,189,n.s.,4.065040650406504e-4,184,n.s.
Jomon,xbp1,Okinoharu_25,2,10,0.11999999999999922,-0.02399999999999993,0.17455976372323337,dixon,0.3079627263907072,0.3079627263907072,4.2735042735042735e-4,190,n.s.,4.098360655737705e-4,185,n.s.
Jomon,xbp1,Shirahama_1,1,10,0.02999999999999936,-0.02399999999999993,0.17455976372323337,dixon,0.3079627263907072,0.3079627263907072,4.3103448275862074e-4,191,n.s.,4.132231404958678e-4,186,n.s.
Jomon,xbp1,Shirahama_1,2,10,-0.019999999999999574,-0.02399999999999993,0.17455976372323337,dixon,0.3079627263907072,0.6767180027232348,4.347826086956522e-4,192,n.s.,0.0012195121951219512,266,n.s.
Jomon,xbp1,Wakimisaki_2,1,10,0.25,-0.02399999999999993,0.17455976372323337,dixon,0.3079627263907072,0.3079627263907072,4.201680672268908e-4,188,n.s.,4.032258064516129e-4,183,n.s.
Jomon,xbp1,Wakimisaki_2,2,10,-0.1399999999999988,-0.02399999999999993,0.17455976372323337,dixon,0.6767180027232348,0.6767180027232348,0.0013513513513513514,270,n.s.,0.001282051282051282,268,n.s.
Jomon,xbp1,Wakimisaki_5,1,10,-0.27999999999999936,-0.02399999999999993,0.17455976372323337,dixon,0.6767180027232348,0.6767180027232348,0.0013157894736842105,269,n.s.,0.00125,267,n.s.
Jomon,xbp1,Wakimisaki_5,2,10,0.07000000000000028,-0.02399999999999993,0.17455976372323337,dixon,0.3079627263907072,0.3079627263907072,4.166666666666667e-4,187,n.s.,4e-4,182,n.s.
Jomon,xbp2,Fukahori_2001-2,1,10,0.20000000000000107,0.13999999999999985,0.2198989666996087,dixon,0.24455960212460146,0.24455960212460146,3.787878787878788e-4,175,n.s.,3.676470588235294e-4,171,n.s.
Jomon,xbp2,Fukahori_2001-2,2,10,0.1999999999999993,0.13999999999999985,0.2198989666996087,dixon,0.24455960212460146,0.24455960212460146,3.816793893129771e-4,176,n.s.,3.703703703703704e-4,172,n.s.
Jomon,xbp2,Okinoharu_21,1,10,0.10999999999999943,0.13999999999999985,0.2198989666996087,dixon,0.14568536181019387,0.24455960212460146,3.0303030303030303e-4,142,n.s.,3.6496350364963507e-4,170,n.s.
Jomon,xbp2,Okinoharu_21,2,10,-0.2900000000000009,0.13999999999999985,0.2198989666996087,dixon,0.14568536181019387,0.14568536181019387,3.048780487804878e-4,143,n.s.,2.8571428571428574e-4,132,n.s.
Jomon,xbp2,Okinoharu_25,1,10,0.05000000000000071,0.13999999999999985,0.2198989666996087,dixon,0.14568536181019387,0.24455960212460146,2.9761904761904765e-4,139,n.s.,3.5714285714285714e-4,167,n.s.
Jomon,xbp2,Okinoharu_25,2,10,0.09999999999999964,0.13999999999999985,0.2198989666996087,dixon,0.14568536181019387,0.24455960212460146,2.994011976047904e-4,140,n.s.,3.5971223021582735e-4,168,n.s.
Jomon,xbp2,Shirahama_1,1,10,0.46999999999999886,0.13999999999999985,0.2198989666996087,dixon,0.24455960212460146,0.24455960212460146,3.875968992248062e-4,178,n.s.,0.00037593984962406017,174,n.s.
Jomon,xbp2,Shirahama_1,2,10,0,0.13999999999999985,0.2198989666996087,dixon,0.14568536181019387,0.24455960212460146,3.0120481927710846e-4,141,n.s.,3.6231884057971015e-4,169,n.s.
Jomon,xbp2,Wakimisaki_5,1,10,0.46000000000000085,0.13999999999999985,0.2198989666996087,dixon,0.24455960212460146,0.24455960212460146,3.846153846153846e-4,177,n.s.,3.7313432835820896e-4,173,n.s.
Jomon,xbp2,Wakimisaki_5,2,10,0.09999999999999964,0.13999999999999985,0.2198989666996087,dixon,0.14568536181019387,0.24455960212460146,2.958579881656805e-4,138,n.s.,3.546099290780142e-4,166,n.s.
Jomon,xlc,Fukahori_2002-2,1,6,0.9900000000000002,0.2633333333333332,0.4801527534719205,dixon,0.5351669141815669,0.5351669141815669,5.952380952380953e-4,223,n.s.,5.681818181818183e-4,219,n.s.
Jomon,xlc,Fukahori_2002-2,2,6,0.5499999999999998,0.2633333333333332,0.4801527534719205,dixon,0.5351669141815669,0.5351669141815669,6.024096385542169e-4,224,n.s.,5.747126436781609e-4,220,n.s.
Jomon,xlc,Okinoharu_25,1,6,0.41999999999999993,0.2633333333333332,0.4801527534719205,dixon,0.5351669141815669,0.5351669141815669,6.097560975609756e-4,225,n.s.,5.813953488372093e-4,221,n.s.
Jomon,xlc,Okinoharu_25,2,6,-0.11000000000000032,0.2633333333333332,0.4801527534719205,dixon,0.7536085210992167,0.7536085210992167,0.002173913043478261,284,n.s.,0.0016129032258064516,276,n.s.
Jomon,xlc,Wakimisaki_5,1,6,0.040000000000000036,0.2633333333333332,0.4801527534719205,dixon,0.7536085210992167,0.5351669141815669,0.002,282,n.s.,5.882352941176471e-4,222,n.s.
Jomon,xlc,Wakimisaki_5,2,6,-0.3100000000000005,0.2633333333333332,0.4801527534719205,dixon,0.7536085210992167,0.7536085210992167,0.0020833333333333333,283,n.s.,0.0015625,275,n.s.
Jomon,xli1,Fukahori_2002-2,1,8,-0.019999999999999574,0.04125000000000012,0.36732381588223484,dixon,0,0,1.6339869281045753e-4,1,*,1.6339869281045753e-4,1,*
Jomon,xli1,Fukahori_2002-2,2,8,-0.020000000000000462,0.04125000000000012,0.36732381588223484,dixon,0,0,1.639344262295082e-4,2,*,1.639344262295082e-4,2,*
Jomon,xli1,Okinoharu_25,1,8,0.910000000000001,0.04125000000000012,0.36732381588223484,dixon,0,0,1.6556291390728477e-4,5,*,1.6556291390728477e-4,5,*
Jomon,xli1,Okinoharu_25,2,8,-0.08000000000000007,0.04125000000000012,0.36732381588223484,dixon,0,0,1.6611295681063124e-4,6,*,1.6611295681063124e-4,6,*
Jomon,xli1,Shirahama_1,1,8,-0.33999999999999986,0.04125000000000012,0.36732381588223484,dixon,0,0,1.666666666666667e-4,7,*,1.666666666666667e-4,7,*
Jomon,xli1,Shirahama_1,2,8,-0.020000000000000462,0.04125000000000012,0.36732381588223484,dixon,0,0,1.6722408026755855e-4,8,*,1.6722408026755855e-4,8,*
Jomon,xli1,Wakimisaki_1,1,8,-0.019999999999999574,0.04125000000000012,0.36732381588223484,dixon,0,0,1.644736842105263e-4,3,*,1.644736842105263e-4,3,*
Jomon,xli1,Wakimisaki_1,2,8,-0.08000000000000007,0.04125000000000012,0.36732381588223484,dixon,0,0,1.6501650165016502e-4,4,*,1.6501650165016502e-4,4,*
Jomon,xli2,Fukahori_2001-2,1,10,-0.019999999999999574,0.1049999999999999,0.3243540589472493,dixon,0.6258555617567882,0.6258555617567882,8.928571428571429e-4,251,n.s.,9.090909090909091e-4,252,n.s.
Jomon,xli2,Fukahori_2001-2,2,10,0.4400000000000004,0.1049999999999999,0.3243540589472493,dixon,0.3760445095265865,0.3760445095265865,4.4642857142857147e-4,195,n.s.,4.237288135593221e-4,189,n.s.
Jomon,xli2,Fukahori_2002-2,1,10,0.13999999999999968,0.1049999999999999,0.3243540589472493,dixon,0.3760445095265865,0.3760445095265865,4.385964912280702e-4,193,n.s.,4.166666666666667e-4,187,n.s.
Jomon,xli2,Fukahori_2002-2,2,10,0.79,0.1049999999999999,0.3243540589472493,dixon,0.3760445095265865,0.3760445095265865,4.4247787610619474e-4,194,n.s.,4.201680672268908e-4,188,n.s.
Jomon,xli2,Shirahama_1,1,10,0.08999999999999986,0.1049999999999999,0.3243540589472493,dixon,0.6258555617567882,0.3760445095265865,9.615384615384616e-4,255,n.s.,4.347826086956522e-4,192,n.s.
Jomon,xli2,Shirahama_1,2,10,-0.020000000000000462,0.1049999999999999,0.3243540589472493,dixon,0.6258555617567882,0.6258555617567882,9.80392156862745e-4,256,n.s.,9.615384615384616e-4,255,n.s.
Jomon,xli2,Wakimisaki_2,1,10,0.08999999999999986,0.1049999999999999,0.3243540589472493,dixon,0.6258555617567882,0.3760445095265865,9.25925925925926e-4,253,n.s.,4.3103448275862074e-4,191,n.s.
Jomon,xli2,Wakimisaki_2,2,10,-0.34000000000000075,0.1049999999999999,0.3243540589472493,dixon,0.6258555617567882,0.6258555617567882,9.433962264150943e-4,254,n.s.,9.433962264150943e-4,254,n.s.
Jomon,xli2,Wakimisaki_5,1,10,0.13999999999999968,0.1049999999999999,0.3243540589472493,dixon,0.3760445095265865,0.3760445095265865,4.5045045045045046e-4,196,n.s.,4.2735042735042735e-4,190,n.s.
Jomon,xli2,Wakimisaki_5,2,10,-0.2599999999999998,0.1049999999999999,0.3243540589472493,dixon,0.6258555617567882,0.6258555617567882,9.090909090909091e-4,252,n.s.,9.25925925925926e-4,253,n.s.
Jomon,xlm1,Fukahori_2001-2,1,8,0.20000000000000107,-0.0050000000000001155,0.212468485058037,dixon,0.19122365485181272,0.19122365485181272,3.289473684210526e-4,155,n.s.,3.125e-4,147,n.s.
Jomon,xlm1,Fukahori_2001-2,2,8,0.05000000000000071,-0.0050000000000001155,0.212468485058037,dixon,0.19122365485181272,0.19122365485181272,3.3112582781456954e-4,156,n.s.,3.144654088050315e-4,148,n.s.
Jomon,xlm1,Okinoharu_25,1,8,-0.049999999999998934,-0.0050000000000001155,0.212468485058037,dixon,0.15939627031356407,0.15939627031356407,3.1847133757961787e-4,150,n.s.,2.9761904761904765e-4,139,n.s.
Jomon,xlm1,Okinoharu_25,2,8,0.1899999999999995,-0.0050000000000001155,0.212468485058037,dixon,0.19122365485181272,0.19122365485181272,3.3557046979865775e-4,158,n.s.,3.1847133757961787e-4,150,n.s.
Jomon,xlm1,Shirahama_1,1,8,-0.45000000000000107,-0.0050000000000001155,0.212468485058037,dixon,0.15939627031356407,0.15939627031356407,3.205128205128205e-4,151,n.s.,2.994011976047904e-4,140,n.s.
Jomon,xlm1,Shirahama_1,2,8,0.08999999999999986,-0.0050000000000001155,0.212468485058037,dixon,0.19122365485181272,0.19122365485181272,3.3783783783783786e-4,159,n.s.,3.205128205128205e-4,151,n.s.
Jomon,xlm1,Wakimisaki_5,1,8,-0.14000000000000057,-0.0050000000000001155,0.212468485058037,dixon,0.15939627031356407,0.15939627031356407,3.1645569620253165e-4,149,n.s.,2.958579881656805e-4,138,n.s.
Jomon,xlm1,Wakimisaki_5,2,8,0.06999999999999851,-0.0050000000000001155,0.212468485058037,dixon,0.19122365485181272,0.19122365485181272,3.333333333333334e-4,157,n.s.,3.1645569620253165e-4,149,n.s.
Jomon,xlm2,Okinoharu_21,1,8,0.08000000000000007,0.018750000000000044,0.1905958701396374,dixon,0.024763453850235952,0.024763453850235952,2.2624434389140272e-4,86,n.s.,2.2522522522522523e-4,85,n.s.
Jomon,xlm2,Okinoharu_21,2,8,0.08999999999999986,0.018750000000000044,0.1905958701396374,dixon,0.024763453850235952,0.024763453850235952,2.2727272727272727e-4,87,n.s.,2.2624434389140272e-4,86,n.s.
Jomon,xlm2,Okinoharu_25,1,8,-0.35999999999999943,0.018750000000000044,0.1905958701396374,dixon,0.056819351271078865,0.056819351271078865,2.3364485981308412e-4,93,n.s.,2.3364485981308412e-4,93,n.s.
Jomon,xlm2,Okinoharu_25,2,8,-0.0600000000000005,0.018750000000000044,0.1905958701396374,dixon,0.056819351271078865,0.056819351271078865,2.347417840375587e-4,94,n.s.,2.347417840375587e-4,94,n.s.
Jomon,xlm2,Shirahama_1,1,8,-0.02999999999999936,0.018750000000000044,0.1905958701396374,dixon,0.056819351271078865,0.056819351271078865,2.358490566037736e-4,95,n.s.,2.358490566037736e-4,95,n.s.
Jomon,xlm2,Shirahama_1,2,8,0.05000000000000071,0.018750000000000044,0.1905958701396374,dixon,0.024763453850235952,0.024763453850235952,2.2522522522522523e-4,85,n.s.,2.242152466367713e-4,84,n.s.
Jomon,xlm2,Wakimisaki_1,1,8,0.0600000000000005,0.018750000000000044,0.1905958701396374,dixon,0.024763453850235952,0.024763453850235952,2.2321428571428573e-4,83,n.s.,2.2222222222222223e-4,82,n.s.
Jomon,xlm2,Wakimisaki_1,2,8,0.3199999999999985,0.018750000000000044,0.1905958701396374,dixon,0.024763453850235952,0.024763453850235952,2.242152466367713e-4,84,n.s.,2.2321428571428573e-4,83,n.s.
Jomon,xlp1,Okinoharu_25,1,8,-0.11000000000000032,-0.053750000000000075,0.5554647346398971,dixon,0.6322338835339252,0.6322338835339252,0.0010204081632653062,258,n.s.,0.001,257,n.s.
Jomon,xlp1,Okinoharu_25,2,8,-0.7999999999999998,-0.053750000000000075,0.5554647346398971,dixon,0.6322338835339252,0.6322338835339252,0.0010416666666666667,259,n.s.,0.0010204081632653062,258,n.s.
Jomon,xlp1,Shirahama_1,1,8,0.1299999999999999,-0.053750000000000075,0.5554647346398971,dixon,0.9340350196261973,0.9340350196261973,0.05,306,n.s.,0.05,306,n.s.
Jomon,xlp1,Shirahama_1,2,8,-0.41999999999999993,-0.053750000000000075,0.5554647346398971,dixon,0.6322338835339252,0.6322338835339252,0.0010638297872340426,260,n.s.,0.0010416666666666667,259,n.s.
Jomon,xlp1,Wakimisaki_2,1,8,0.05999999999999961,-0.053750000000000075,0.5554647346398971,dixon,0.9340350196261973,0.9340350196261973,0.016666666666666666,304,n.s.,0.016666666666666666,304,n.s.
Jomon,xlp1,Wakimisaki_2,2,8,0.8100000000000005,-0.053750000000000075,0.5554647346398971,dixon,0.9340350196261973,0.9340350196261973,0.025,305,n.s.,0.025,305,n.s.
Jomon,xlp1,Wakimisaki_5,1,8,0.5299999999999994,-0.053750000000000075,0.5554647346398971,dixon,0.9340350196261973,0.9340350196261973,0.0125,303,n.s.,0.0125,303,n.s.
Jomon,xlp1,Wakimisaki_5,2,8,-0.6299999999999999,-0.053750000000000075,0.5554647346398971,dixon,0.6322338835339252,0.6322338835339252,0.001,257,n.s.,9.80392156862745e-4,256,n.s.
Jomon,xlp2,Fukahori_2001-2,1,10,0.0600000000000005,0.026000000000000155,0.2866744184998415,dixon,0.20792098733746509,0.20792098733746509,3.448275862068966e-4,162,n.s.,3.2679738562091506e-4,154,n.s.
Jomon,xlp2,Fukahori_2001-2,2,10,0.04999999999999982,0.026000000000000155,0.2866744184998415,dixon,0.20792098733746509,0.20792098733746509,3.4722222222222224e-4,163,n.s.,3.289473684210526e-4,155,n.s.
Jomon,xlp2,Okinoharu_25,1,10,-0.5499999999999998,0.026000000000000155,0.2866744184998415,dixon,0.4594930898079602,0.4594930898079602,5.319148936170213e-4,213,n.s.,5.102040816326531e-4,209,n.s.
Jomon,xlp2,Okinoharu_25,2,10,0.5100000000000007,0.026000000000000155,0.2866744184998415,dixon,0.20792098733746509,0.20792098733746509,3.546099290780142e-4,166,n.s.,3.3557046979865775e-4,158,n.s.
Jomon,xlp2,Shirahama_1,1,10,-0.09999999999999964,0.026000000000000155,0.2866744184998415,dixon,0.4594930898079602,0.4594930898079602,5.376344086021505e-4,214,n.s.,5.154639175257732e-4,210,n.s.
Jomon,xlp2,Shirahama_1,2,10,0.29000000000000004,0.026000000000000155,0.2866744184998415,dixon,0.20792098733746509,0.20792098733746509,3.5714285714285714e-4,167,n.s.,3.3783783783783786e-4,159,n.s.
Jomon,xlp2,Wakimisaki_1,1,10,-0.20999999999999996,0.026000000000000155,0.2866744184998415,dixon,0.4594930898079602,0.4594930898079602,5.208333333333333e-4,211,n.s.,5e-4,207,n.s.
Jomon,xlp2,Wakimisaki_1,2,10,0.16999999999999993,0.026000000000000155,0.2866744184998415,dixon,0.20792098733746509,0.20792098733746509,3.4965034965034965e-4,164,n.s.,3.3112582781456954e-4,156,n.s.
Jomon,xlp2,Wakimisaki_5,1,10,-0.04999999999999982,0.026000000000000155,0.2866744184998415,dixon,0.4594930898079602,0.4594930898079602,5.263157894736842e-4,212,n.s.,5.05050505050505e-4,208,n.s.
Jomon,xlp2,Wakimisaki_5,2,10,0.08999999999999986,0.026000000000000155,0.2866744184998415,dixon,0.20792098733746509,0.20792098733746509,3.5211267605633805e-4,165,n.s.,3.333333333333334e-4,157,n.s.
Yayoi,mbc,Fukahori_10,1,38,-0.020000000000000462,-0.05315789473684212,0.2828054938794879,grubbs,0.9085221031010542,0.9447487472100599,4.4247787610619474e-4,722,n.s.,4.901960784313725e-4,733,n.s.
Yayoi,mbc,Fukahori_10,2,38,-0.17999999999999972,-0.05315789473684212,0.2828054938794879,grubbs,0.6598799485467072,0.5317524515759819,1.3157894736842105e-4,455,n.s.,1.0570824524312897e-4,362,n.s.
Yayoi,mbc,Fukahori_11,1,38,-0.13999999999999968,-0.05315789473684212,0.2828054938794879,grubbs,0.7633445197206125,0.6270609753386527,1.6891891891891893e-4,539,n.s.,1.2077294685990339e-4,421,n.s.
Yayoi,mbc,Fukahori_11,2,38,-0.4399999999999995,-0.05315789473684212,0.2828054938794879,grubbs,0.17479889277850072,0.12134980286352244,7.418397626112761e-5,161,n.s.,7.320644216691069e-5,152,n.s.
Yayoi,mbc,Fukahori_13,1,38,0.13999999999999968,-0.05315789473684212,0.2828054938794879,grubbs,0.5020221741014237,0.6270609753386527,1.0309278350515464e-4,350,n.s.,1.2048192771084338e-4,420,n.s.
Yayoi,mbc,Fukahori_13,2,38,-0.1299999999999999,-0.05315789473684212,0.2828054938794879,grubbs,0.7899422793633276,0.6519429128141314,1.8248175182481753e-4,561,n.s.,1.2626262626262626e-4,439,n.s.
Yayoi,mbc,Fukahori_15,1,38,0.6200000000000001,-0.05315789473684212,0.2828054938794879,grubbs,0.015311568882248846,0.026451161294288122,6.476683937823834e-5,63,n.s.,6.657789613848203e-5,84,n.s.
Yayoi,mbc,Fukahori_15,2,38,-0.04999999999999982,-0.05315789473684212,0.2828054938794879,grubbs,0.9912695814066661,0.8624268538142197,0.0035714285714285718,821,n.s.,2.3696682464454977e-4,624,n.s.
Yayoi,mbc,Fukahori_16,1,38,0.1299999999999999,-0.05315789473684212,0.2828054938794879,grubbs,0.524539903802173,0.6519429128141314,1.0548523206751055e-4,361,n.s.,1.256281407035176e-4,437,n.s.
Yayoi,mbc,Fukahori_16,2,38,0.29000000000000004,-0.05315789473684212,0.2828054938794879,grubbs,0.22993810683727572,0.3116646943534858,7.621951219512195e-5,179,n.s.,8.064516129032258e-5,215,n.s.
Yayoi,mbc,Fukahori_19,1,38,-0.45999999999999996,-0.05315789473684212,0.2828054938794879,grubbs,0.1530040722122712,0.10479742694598908,7.36377025036819e-5,156,n.s.,7.183908045977011e-5,139,n.s.
Yayoi,mbc,Fukahori_19,2,38,0.11000000000000032,-0.05315789473684212,0.2828054938794879,grubbs,0.5710147535623108,0.7028154361307045,1.1312217194570136e-4,393,n.s.,1.3698630136986303e-4,470,n.s.
Yayoi,mbc,Fukahori_2,1,38,-0.019999999999999574,-0.05315789473684212,0.2828054938794879,grubbs,0.9085221031010517,0.9447487472100623,4.385964912280702e-4,721,n.s.,4.950495049504951e-4,734,n.s.
Yayoi,mbc,Fukahori_2,2,38,0.009999999999999787,-0.05315789473684212,0.2828054938794879,grubbs,0.8267175319949839,0.9723584546532347,2.2624434389140272e-4,614,n.s.,0.0010869565217391304,789,n.s.
Yayoi,mbc,Fukahori_2002-10,1,38,-0.03000000000000025,-0.05315789473684212,0.2828054938794879,grubbs,0.9360416007713834,0.9172026116799902,5.952380952380953e-4,751,n.s.,0.00037593984962406017,702,n.s.
Yayoi,mbc,Fukahori_2002-10,2,38,-0.04999999999999982,-0.05315789473684212,0.2828054938794879,grubbs,0.9912695814066661,0.8624268538142197,0.0038461538461538464,822,n.s.,2.380952380952381e-4,625,n.s.
Yayoi,mbc,Fukahori_2002-8-A,1,38,0.040000000000000036,-0.05315789473684212,0.2828054938794879,grubbs,0.7466809624903452,0.8897515748163054,1.6129032258064516e-4,525,n.s.,2.958579881656805e-4,666,n.s.
Yayoi,mbc,Fukahori_2002-8-A,2,38,-0.6200000000000001,-0.05315789473684212,0.2828054938794879,grubbs,0.04360562351101161,0.026451161294288122,6.631299734748011e-5,81,n.s.,6.666666666666667e-5,85,n.s.
Yayoi,mbc,Fukahori_4,1,38,-0.1900000000000004,-0.05315789473684212,0.2828054938794879,grubbs,0.6348762085477127,0.5090795746279491,1.2594458438287153e-4,438,n.s.,1.0183299389002037e-4,344,n.s.
Yayoi,mbc,Fukahori_4,2,38,0.040000000000000036,-0.05315789473684212,0.2828054938794879,grubbs,0.7466809624903452,0.8897515748163054,1.6181229773462783e-4,526,n.s.,2.9761904761904765e-4,667,n.s.
Yayoi,mbc,Fukahori_6,1,38,0.4499999999999993,-0.05315789473684212,0.2828054938794879,grubbs,0.07498682708441758,0.112844218692651,6.738544474393532e-5,93,n.s.,7.194244604316547e-5,140,n.s.
Yayoi,mbc,Fukahori_6,2,38,-1.0200000000000005,-0.05315789473684212,0.2828054938794879,grubbs,2.5739628880222005e-4,9.561898444159365e-5,6.337135614702156e-5,46,n.s.,6.377551020408164e-5,51,n.s.
Yayoi,mbc,miyanomoto_12,1,38,0.03000000000000025,-0.05315789473684212,0.2828054938794879,grubbs,0.7731142984051939,0.9172026116799902,1.7482517482517483e-4,549,n.s.,3.7313432835820896e-4,701,n.s.
Yayoi,mbc,miyanomoto_12,2,38,-0.23000000000000043,-0.05315789473684212,0.2828054938794879,grubbs,0.5390129022653649,0.42349822941786797,1.0989010989010989e-4,380,n.s.,9.363295880149813e-5,301,n.s.
Yayoi,mbc,miyanomoto_14,1,38,-0.02999999999999936,-0.05315789473684212,0.2828054938794879,grubbs,0.936041600771381,0.9172026116799926,5.813953488372093e-4,749,n.s.,3.816793893129771e-4,704,n.s.
Yayoi,mbc,miyanomoto_14,2,38,0.04999999999999982,-0.05315789473684212,0.2828054938794879,grubbs,0.7205306736787288,0.8624268538142197,1.4749262536873156e-4,496,n.s.,2.358490566037736e-4,623,n.s.
Yayoi,mbc,Miyanomoto_21,1,38,-0.15000000000000036,-0.05315789473684212,0.2828054938794879,grubbs,0.7370122594715085,0.6025797520381784,1.5432098765432098e-4,511,n.s.,1.1547344110854505e-4,402,n.s.
Yayoi,mbc,Miyanomoto_21,2,38,0.3100000000000005,-0.05315789473684212,0.2828054938794879,grubbs,0.2033805845383986,0.27899581519431,7.507507507507509e-5,169,n.s.,7.704160246533128e-5,186,n.s.
Yayoi,mbc,miyanomoto_23,1,38,0.11000000000000032,-0.05315789473684212,0.2828054938794879,grubbs,0.5710147535623108,0.7028154361307045,1.1337868480725624e-4,394,n.s.,1.3736263736263736e-4,471,n.s.
Yayoi,mbc,miyanomoto_23,2,38,0.040000000000000036,-0.05315789473684212,0.2828054938794879,grubbs,0.7466809624903452,0.8897515748163054,1.6233766233766234e-4,527,n.s.,2.994011976047904e-4,668,n.s.
Yayoi,mbc,Miyanomoto_35,1,38,0.1299999999999999,-0.05315789473684212,0.2828054938794879,grubbs,0.524539903802173,0.6519429128141314,1.0570824524312897e-4,362,n.s.,1.2594458438287153e-4,438,n.s.
Yayoi,mbc,Miyanomoto_35,2,38,-0.33999999999999986,-0.05315789473684212,0.2828054938794879,grubbs,0.31703547744063626,0.23433818053468627,8.090614886731392e-5,217,n.s.,7.598784194528876e-5,177,n.s.
Yayoi,mbc,miyanomoto_36,1,38,-0.20999999999999996,-0.05315789473684212,0.2828054938794879,grubbs,0.5860716417843959,0.4652390040495138,1.1627906976744187e-4,405,n.s.,9.70873786407767e-5,320,n.s.
Yayoi,mbc,miyanomoto_36,2,38,-0.02999999999999936,-0.05315789473684212,0.2828054938794879,grubbs,0.936041600771381,0.9172026116799926,5.882352941176471e-4,750,n.s.,3.846153846153846e-4,705,n.s.
Yayoi,mbc,Miyanomoto_6,1,38,0.0699999999999994,-0.05315789473684212,0.2828054938794879,grubbs,0.6691864277174572,0.8082790781557181,1.3333333333333334e-4,460,n.s.,1.8315018315018315e-4,562,n.s.
Yayoi,mbc,Miyanomoto_6,2,38,-0.03000000000000025,-0.05315789473684212,0.2828054938794879,grubbs,0.9360416007713834,0.9172026116799902,6.024096385542169e-4,752,n.s.,3.787878787878788e-4,703,n.s.
Yayoi,mbc,miyanomoto_9,1,38,-0.0600000000000005,-0.05315789473684212,0.2828054938794879,grubbs,0.9810854316196885,0.8352592555905756,0.0019230769230769232,809,n.s.,2.0161290322580645e-4,587,n.s.
Yayoi,mbc,miyanomoto_9,2,38,-0.16000000000000014,-0.05315789473684212,0.2828054938794879,grubbs,0.7109731181703283,0.5785210970393367,1.4285714285714287e-4,485,n.s.,1.1185682326621924e-4,388,n.s.
Yayoi,mbi1,Fukahori_10,1,30,-0.05000000000000071,-0.047000000000000035,0.18906576122864113,grubbs,0.9876634543361769,0.7965242054218875,0.002631578947368421,816,n.s.,1.6949152542372882e-4,540,n.s.
Yayoi,mbi1,Fukahori_10,2,30,-0.4400000000000004,-0.047000000000000035,0.18906576122864113,grubbs,0.03552973116308818,0.01740827878903466,6.605019815059445e-5,78,n.s.,6.535947712418301e-5,70,n.s.
Yayoi,mbi1,Fukahori_11,1,30,-0.1899999999999995,-0.047000000000000035,0.18906576122864113,grubbs,0.4590183126092394,0.3234500425215534,9.560229445506692e-5,312,n.s.,8.116883116883117e-5,219,n.s.
Yayoi,mbi1,Fukahori_11,2,30,-0.2999999999999998,-0.047000000000000035,0.18906576122864113,grubbs,0.18568899532275512,0.11430633688335363,7.462686567164179e-5,165,n.s.,7.215007215007215e-5,142,n.s.
Yayoi,mbi1,Fukahori_13,1,30,0.17999999999999972,-0.047000000000000035,0.18906576122864113,grubbs,0.23643839036833642,0.34998275122557443,7.668711656441718e-5,183,n.s.,8.237232289950578e-5,228,n.s.
Yayoi,mbi1,Fukahori_13,2,30,0.10000000000000053,-0.047000000000000035,0.18906576122864113,grubbs,0.4464306377506433,0.6054539617140349,9.398496240601504e-5,303,n.s.,1.1627906976744187e-4,405,n.s.
Yayoi,mbi1,Fukahori_15,1,30,-0.33000000000000007,-0.047000000000000035,0.18906576122864113,grubbs,0.13725865485098854,0.08096656030684882,7.309941520467836e-5,151,n.s.,6.925207756232688e-5,113,n.s.
Yayoi,mbi1,Fukahori_15,2,30,-0.11000000000000032,-0.047000000000000035,0.18906576122864113,grubbs,0.745183770477733,0.56969390387972485,1.607717041800643e-4,524,n.s.,1.1037527593818985e-4,382,n.s.
Yayoi,mbi1,Fukahori_16,1,30,-0.2999999999999998,-0.047000000000000035,0.18906576122864113,grubbs,0.18568899532275512,0.11430633688335363,7.473841554559044e-5,166,n.s.,7.225433526011561e-5,143,n.s.
Yayoi,mbi1,Fukahori_16,2,30,0.34000000000000075,-0.047000000000000035,0.18906576122864113,grubbs,0.038669545841268894,0.07170688702269602,6.622516556291391e-5,80,n.s.,6.811989100817439e-5,101,n.s.
Yayoi,mbi1,Fukahori_17,1,30,-0.009999999999999787,-0.047000000000000035,0.18906576122864113,grubbs,0.8487145744851717,0.9588938993423617,2.5906735751295336e-4,642,n.s.,7.575757575757576e-4,769,n.s.
Yayoi,mbi1,Fukahori_17,2,30,-0.0600000000000005,-0.047000000000000035,0.18906576122864113,grubbs,0.9465775541150119,0.7569453359854224,7.042253521126761e-4,764,n.s.,1.5290519877675843e-4,508,n.s.
Yayoi,mbi1,Fukahori_2002-10,1,30,-0.41000000000000014,-0.047000000000000035,0.18906576122864113,grubbs,0.05353212048008997,0.027737720680154527,6.666666666666667e-5,85,n.s.,6.675567423230975e-5,86,n.s.
Yayoi,mbi1,Fukahori_2002-10,2,30,-0.010000000000000675,-0.047000000000000035,0.18906576122864113,grubbs,0.8487145744851754,0.9588938993423581,2.617801047120419e-4,644,n.s.,7.462686567164179e-4,768,n.s.
Yayoi,mbi1,Fukahori_2002-8-A,1,30,0,-0.047000000000000035,0.18906576122864113,grubbs,0.8085002970792611,1,1.9920318725099602e-4,584,n.s.,0.0035714285714285718,821,n.s.
Yayoi,mbi1,Fukahori_2002-8-A,2,30,-0.13999999999999968,-0.047000000000000035,0.18906576122864113,grubbs,0.6310383711147692,0.46858145737252777,1.2531328320802005e-4,436,n.s.,9.765625e-5,323,n.s.
Yayoi,mbi1,Fukahori_4,1,30,-0.08999999999999986,-0.047000000000000035,0.18906576122864113,grubbs,0.8245344426230257,0.6421352284152382,2.192982456140351e-4,607,n.s.,1.2224938875305625e-4,426,n.s.
Yayoi,mbi1,Fukahori_4,2,30,0.3700000000000001,-0.047000000000000035,0.18906576122864113,grubbs,0.02496500830211806,0.04879414575813877,6.510416666666667e-5,67,n.s.,6.7842605156038e-5,98,n.s.
Yayoi,mbi1,Fukahori_6,1,30,0.1200000000000001,-0.047000000000000035,0.18906576122864113,grubbs,0.38637019332586364,0.534922327403069,8.605851979345956e-5,254,n.s.,1.0638297872340427e-4,365,n.s.
Yayoi,mbi1,Fukahori_6,2,30,-0.05000000000000071,-0.047000000000000035,0.18906576122864113,grubbs,0.9876634543361769,0.7965242054218875,0.002777777777777778,817,n.s.,1.7006802721088437e-4,541,n.s.
Yayoi,mbi1,Fukahori_8,1,30,0,-0.047000000000000035,0.18906576122864113,grubbs,0.8085002970792611,1,2e-4,585,n.s.,0.0038461538461538464,822,n.s.
Yayoi,mbi1,Fukahori_8,2,30,-0.040000000000000036,-0.047000000000000035,0.18906576122864113,grubbs,0.9712195640268255,0.8366061944084842,0.0013513513513513514,798,n.s.,2.0242914979757087e-4,588,n.s.
Yayoi,mbi1,miyanomoto_14,1,30,0,-0.047000000000000035,0.18906576122864113,grubbs,0.8085002970792611,1,2.0080321285140563e-4,586,n.s.,0.004166666666666667,823,n.s.
Yayoi,mbi1,miyanomoto_14,2,30,-0.009999999999999787,-0.047000000000000035,0.18906576122864113,grubbs,0.8487145744851717,0.9588938993423617,2.6041666666666666e-4,643,n.s.,7.692307692307692e-4,770,n.s.
Yayoi,mbi1,Miyanomoto_18,1,30,-0.16999999999999993,-0.047000000000000035,0.18906576122864113,grubbs,0.52469288212429,0.3777847364170438,1.0593220338983052e-4,363,n.s.,8.532423208191126e-5,249,n.s.
Yayoi,mbi1,Miyanomoto_18,2,30,0.020000000000000462,-0.047000000000000035,0.18906576122864113,grubbs,0.7295893779628584,0.9178912930901403,1.5197568389057752e-4,506,n.s.,3.90625e-4,707,n.s.
Yayoi,mbi1,Miyanomoto_6,1,30,0.020000000000000462,-0.047000000000000035,0.18906576122864113,grubbs,0.7295893779628584,0.9178912930901403,1.5151515151515152e-4,505,n.s.,3.875968992248062e-4,706,n.s.
Yayoi,mbi1,Miyanomoto_6,2,30,-0.03000000000000025,-0.047000000000000035,0.18906576122864113,grubbs,0.9301750717412967,0.8770949498401798,5.555555555555556e-4,745,n.s.,2.6595744680851064e-4,647,n.s.
Yayoi,mbi1,miyanomoto_9,1,30,0.15999999999999925,-0.047000000000000035,0.18906576122864113,grubbs,0.28128795716814936,0.4068370542691977,7.788161993769471e-5,193,n.s.,8.818342151675486e-5,268,n.s.
Yayoi,mbi1,miyanomoto_9,2,30,0.019999999999999574,-0.047000000000000035,0.18906576122864113,grubbs,0.7295893779628617,0.917891293090144,1.524390243902439e-4,507,n.s.,3.9370078740157485e-4,708,n.s.
Yayoi,mbi2,Fukahori_10,1,34,0.11000000000000032,-2.9411764705879114e-4,0.28665770205275765,grubbs,0.7065394150530323,0.7072874120283723,1.41643059490085e-4,482,n.s.,1.392757660167131e-4,476,n.s.
Yayoi,mbi2,Fukahori_10,2,34,-0.9199999999999999,-2.9411764705879114e-4,0.28665770205275765,grubbs,6.374590452157641e-4,6.343999241345506e-4,6.353240152477763e-5,48,n.s.,6.393861892583121e-5,53,n.s.
Yayoi,mbi2,Fukahori_11,1,34,0.13000000000000078,-2.9411764705879114e-4,0.28665770205275765,grubbs,0.6563427843677785,0.6570709837520663,1.2987012987012987e-4,450,n.s.,1.2755102040816328e-4,443,n.s.
Yayoi,mbi2,Fukahori_11,2,34,0.040000000000000036,-2.9411764705879114e-4,0.28665770205275765,grubbs,0.8906951869649167,0.8914882983879935,3.5211267605633805e-4,693,n.s.,3.1055900621118014e-4,674,n.s.
Yayoi,mbi2,Fukahori_13,1,34,0.03999999999999915,-2.9411764705879114e-4,0.28665770205275765,grubbs,0.8906951869649191,0.8914882983879959,3.546099290780142e-4,694,n.s.,3.144654088050315e-4,676,n.s.
Yayoi,mbi2,Fukahori_13,2,34,-0.1800000000000006,-2.9411764705879114e-4,0.28665770205275765,grubbs,0.5388595814814823,0.5381915955565614,1.0964912280701755e-4,379,n.s.,1.0752688172043011e-4,370,n.s.
Yayoi,mbi2,Fukahori_15,1,34,0.019999999999999574,-2.9411764705879114e-4,0.28665770205275765,grubbs,0.9448252036727294,0.9456236461025845,6.756756756756757e-4,761,n.s.,5.154639175257732e-4,738,n.s.
Yayoi,mbi2,Fukahori_15,2,34,0.1299999999999999,-2.9411764705879114e-4,0.28665770205275765,grubbs,0.6563427843677806,0.6570709837520685,1.3020833333333333e-4,451,n.s.,1.282051282051282e-4,445,n.s.
Yayoi,mbi2,Fukahori_16,1,34,0.4400000000000004,-2.9411764705879114e-4,0.28665770205275765,grubbs,0.1265778498804914,0.12684061711134242,7.23589001447178e-5,144,n.s.,7.331378299120235e-5,153,n.s.
Yayoi,mbi2,Fukahori_16,2,34,0.1800000000000006,-2.9411764705879114e-4,0.28665770205275765,grubbs,0.537524006748346,0.5381915955565614,1.0940919037199125e-4,378,n.s.,1.072961373390558e-4,369,n.s.
Yayoi,mbi2,Fukahori_17,1,34,-0.019999999999999574,-2.9411764705879114e-4,0.28665770205275765,grubbs,0.9464221407073873,0.9456236461025845,6.849315068493151e-4,762,n.s.,5.208333333333333e-4,739,n.s.
Yayoi,mbi2,Fukahori_17,2,34,-0.41000000000000014,-2.9411764705879114e-4,0.28665770205275765,grubbs,0.15613100669371152,0.15582493167707098,7.374631268436578e-5,157,n.s.,7.396449704142012e-5,159,n.s.
Yayoi,mbi2,Fukahori_2,1,34,0.05000000000000071,-2.9411764705879114e-4,0.28665770205275765,grubbs,0.8637964349841778,0.8645855765268804,2.8735632183908046e-4,661,n.s.,2.4630541871921186e-4,632,n.s.
Yayoi,mbi2,Fukahori_2,2,34,-0.13000000000000078,-2.9411764705879114e-4,0.28665770205275765,grubbs,0.657799494269,0.6570709837520663,1.3089005235602096e-4,453,n.s.,1.2787723785166242e-4,444,n.s.
Yayoi,mbi2,Fukahori_2002-10,1,34,-0.2999999999999998,-2.9411764705879114e-4,0.28665770205275765,grubbs,0.30294548413347955,0.3024636179891706,8.012820512820513e-5,211,n.s.,8e-5,210,n.s.
Yayoi,mbi2,Fukahori_2002-10,2,34,0.05999999999999961,-2.9411764705879114e-4,0.28665770205275765,grubbs,0.8370476432519844,0.8378319608743625,2.380952380952381e-4,625,n.s.,2.0746887966804981e-4,594,n.s.
Yayoi,mbi2,Fukahori_2002-8-A,1,34,0.04999999999999982,-2.9411764705879114e-4,0.28665770205275765,grubbs,0.8637964349841802,0.8645855765268828,2.9069767441860465e-4,663,n.s.,2.5e-4,635,n.s.
Yayoi,mbi2,Fukahori_2002-8-A,2,34,-0.7599999999999998,-2.9411764705879114e-4,0.28665770205275765,grubbs,0.006186676127926305,0.0061643405182067925,6.402048655569783e-5,54,n.s.,6.459948320413438e-5,61,n.s.
Yayoi,mbi2,Fukahori_4,1,34,0.29000000000000004,-2.9411764705879114e-4,0.28665770205275765,grubbs,0.3186222878599584,0.31912021599370183,8.103727714748785e-5,218,n.s.,8.090614886731392e-5,217,n.s.
Yayoi,mbi2,Fukahori_4,2,34,0.16000000000000014,-2.9411764705879114e-4,0.28665770205275765,grubbs,0.5838024499395424,0.5844960198985212,1.160092807424594e-4,404,n.s.,1.1235955056179776e-4,390,n.s.
Yayoi,mbi2,Fukahori_6,1,34,0.3799999999999999,-2.9411764705879114e-4,0.28665770205275765,grubbs,0.18897877023646034,0.1893300607801958,7.49625187406297e-5,168,n.s.,7.49625187406297e-5,168,n.s.
Yayoi,mbi2,Fukahori_6,2,34,-0.3600000000000003,-2.9411764705879114e-4,0.28665770205275765,grubbs,0.21468909367577665,0.2143056598456539,7.575757575757576e-5,175,n.s.,7.541478129713424e-5,172,n.s.
Yayoi,mbi2,Fukahori_8,1,34,-0.05000000000000071,-2.9411764705879114e-4,0.28665770205275765,grubbs,0.8653748470875093,0.8645855765268804,2.994011976047904e-4,668,n.s.,2.487562189054727e-4,634,n.s.
Yayoi,mbi2,Fukahori_8,2,34,0.0600000000000005,-2.9411764705879114e-4,0.28665770205275765,grubbs,0.8370476432519821,0.8378319608743601,2.358490566037736e-4,623,n.s.,2.05761316872428e-4,592,n.s.
Yayoi,mbi2,miyanomoto_14,1,34,0.29000000000000004,-2.9411764705879114e-4,0.28665770205275765,grubbs,0.3186222878599584,0.31912021599370183,8.116883116883117e-5,219,n.s.,8.103727714748785e-5,218,n.s.
Yayoi,mbi2,miyanomoto_14,2,34,0.08000000000000007,-2.9411764705879114e-4,0.28665770205275765,grubbs,0.7841145214922215,0.784886691421416,1.8181818181818183e-4,560,n.s.,1.6233766233766234e-4,527,n.s.
Yayoi,mbi2,Miyanomoto_18,1,34,0.0600000000000005,-2.9411764705879114e-4,0.28665770205275765,grubbs,0.8370476432519821,0.8378319608743601,2.3696682464454977e-4,624,n.s.,2.066115702479339e-4,593,n.s.
Yayoi,mbi2,Miyanomoto_18,2,34,-0.040000000000000036,-2.9411764705879114e-4,0.28665770205275765,grubbs,0.8922815135106569,0.8914882983879935,3.816793893129771e-4,704,n.s.,3.125e-4,675,n.s.
Yayoi,mbi2,Miyanomoto_35,1,34,0.05999999999999961,-2.9411764705879114e-4,0.28665770205275765,grubbs,0.8370476432519844,0.8378319608743625,2.3923444976076556e-4,626,n.s.,2.0833333333333335e-4,595,n.s.
Yayoi,mbi2,Miyanomoto_35,2,34,-0.0699999999999994,-2.9411764705879114e-4,0.28665770205275765,grubbs,0.812035082655247,0.811256249681481,2.05761316872428e-4,592,n.s.,1.845018450184502e-4,564,n.s.
Yayoi,mbi2,Miyanomoto_6,1,34,0.05000000000000071,-2.9411764705879114e-4,0.28665770205275765,grubbs,0.8637964349841778,0.8645855765268804,2.8901734104046245e-4,662,n.s.,2.4752475247524753e-4,633,n.s.
Yayoi,mbi2,Miyanomoto_6,2,34,-0.019999999999999574,-2.9411764705879114e-4,0.28665770205275765,grubbs,0.9464221407073873,0.9456236461025845,6.944444444444445e-4,763,n.s.,5.263157894736842e-4,740,n.s.
Yayoi,mbi2,miyanomoto_9,1,34,0.14999999999999947,-2.9411764705879114e-4,0.28665770205275765,grubbs,0.6075860825486732,0.6082918098654122,1.2135922330097088e-4,423,n.s.,1.1682242990654206e-4,407,n.s.
Yayoi,mbi2,miyanomoto_9,2,34,0.41999999999999993,-2.9411764705879114e-4,0.28665770205275765,grubbs,0.14538439995861513,0.14567541351184635,7.331378299120235e-5,153,n.s.,7.385524372230429e-5,158,n.s.
Yayoi,mbm1,Fukahori_11,1,44,-0.1899999999999995,-0.014318181818181897,0.5731893543505526,grubbs,0.7631436366930303,0.7444661244399988,1.6835016835016836e-4,538,n.s.,1.5060240963855423e-4,503,n.s.
Yayoi,mbm1,Fukahori_11,2,44,0.15000000000000036,-0.014318181818181897,0.5731893543505526,grubbs,0.7780629845192943,0.7969737948879647,1.773049645390071e-4,553,n.s.,1.7123287671232877e-4,543,n.s.
Yayoi,mbm1,Fukahori_13,1,44,0.11999999999999922,-0.014318181818181897,0.5731893543505526,grubbs,0.8178181030312176,0.836959485292631,2.1551724137931037e-4,603,n.s.,2.0491803278688525e-4,591,n.s.
Yayoi,mbm1,Fukahori_13,2,44,-0.13000000000000078,-0.014318181818181897,0.5731893543505526,grubbs,0.8427511545189861,0.8235803996497663,2.487562189054727e-4,634,n.s.,1.953125e-4,579,n.s.
Yayoi,mbm1,Fukahori_15,1,44,0.019999999999999574,-0.014318181818181897,0.5731893543505526,grubbs,0.9530811462253573,0.9726465046294928,8.620689655172415e-4,777,n.s.,0.0011111111111111111,790,n.s.
Yayoi,mbm1,Fukahori_15,2,44,0.08000000000000007,-0.014318181818181897,0.5731893543505526,grubbs,0.871519903461197,0.8908957214920287,3.0864197530864197e-4,673,n.s.,3.0303030303030303e-4,670,n.s.
Yayoi,mbm1,Fukahori_16,1,44,0.08000000000000007,-0.014318181818181897,0.5731893543505526,grubbs,0.871519903461197,0.8908957214920287,3.1055900621118014e-4,674,n.s.,3.048780487804878e-4,671,n.s.
Yayoi,mbm1,Fukahori_16,2,44,-0.22000000000000064,-0.014318181818181897,0.5731893543505526,grubbs,0.7241753595729072,0.7058106107468822,1.4925373134328358e-4,500,n.s.,1.3812154696132598e-4,473,n.s.
Yayoi,mbm1,Fukahori_17,1,44,0.120000000000001,-0.014318181818181897,0.5731893543505526,grubbs,0.8178181030312153,0.8369594852926285,2.145922746781116e-4,602,n.s.,2.032520325203252e-4,589,n.s.
Yayoi,mbm1,Fukahori_17,2,44,0.040000000000000924,-0.014318181818181897,0.5731893543505526,grubbs,0.9257999040808446,0.9453240398412818,5.208333333333333e-4,739,n.s.,5e-4,735,n.s.
Yayoi,mbm1,Fukahori_18,1,44,0,-0.014318181818181897,0.5731893543505526,grubbs,0.9804155780958305,1,0.0017857142857142859,807,n.s.,0.016666666666666666,832,n.s.
Yayoi,mbm1,Fukahori_18,2,44,0,-0.014318181818181897,0.5731893543505526,grubbs,0.9804155780958305,1,0.001851851851851852,808,n.s.,0.025,833,n.s.
Yayoi,mbm1,Fukahori_2002-8-A,1,44,0.15000000000000036,-0.014318181818181897,0.5731893543505526,grubbs,0.7780629845192943,0.7969737948879647,1.76678445229682e-4,552,n.s.,1.7064846416382253e-4,542,n.s.
Yayoi,mbm1,Fukahori_2002-8-A,2,44,0.16999999999999993,-0.014318181818181897,0.5731893543505526,grubbs,0.7518611510261665,0.7705930669036012,1.6501650165016502e-4,532,n.s.,1.577287066246057e-4,518,n.s.
Yayoi,mbm1,Fukahori_4,1,44,-0.040000000000000924,-0.014318181818181897,0.5731893543505526,grubbs,0.9648799361905287,0.9453240398412818,0.0011363636363636365,791,n.s.,5.05050505050505e-4,736,n.s.
Yayoi,mbm1,Fukahori_4,2,44,0.4800000000000004,-0.014318181818181897,0.5731893543505526,grubbs,0.39475822102908764,0.4087065030098501,8.65051903114187e-5,257,n.s.,8.8339222614841e-5,269,n.s.
Yayoi,mbm1,Fukahori_6,1,44,-0.19000000000000128,-0.014318181818181897,0.5731893543505526,grubbs,0.763143636693028,0.7444661244399964,1.6722408026755855e-4,536,n.s.,1.497005988023952e-4,501,n.s.
Yayoi,mbm1,Fukahori_6,2,44,-0.4900000000000002,-0.014318181818181897,0.5731893543505526,grubbs,0.41296804400979126,0.3989352757099154,8.787346221441125e-5,266,n.s.,8.741258741258741e-5,263,n.s.
Yayoi,mbm1,Fukahori_8,1,44,-0.009999999999999787,-0.014318181818181897,0.5731893543505526,grubbs,0.9940930664215467,0.9863213117236438,0.005555555555555556,826,n.s.,0.001851851851851852,808,n.s.
Yayoi,mbm1,Fukahori_8,2,44,0.09999999999999964,-0.014318181818181897,0.5731893543505526,grubbs,0.8445818251966928,0.8638510271407296,2.512562814070352e-4,636,n.s.,2.4154589371980678e-4,628,n.s.
Yayoi,mbm1,Fukahori_Takahoko,1,44,0.0600000000000005,-0.014318181818181897,0.5731893543505526,grubbs,0.8986026481917843,0.9180635356568476,3.968253968253968e-4,709,n.s.,3.968253968253968e-4,709,n.s.
Yayoi,mbm1,Fukahori_Takahoko,2,44,-0.08000000000000007,-0.014318181818181897,0.5731893543505526,grubbs,0.9103346498797653,0.8908957214920287,4.716981132075472e-4,729,n.s.,3.0674846625766873e-4,672,n.s.
Yayoi,mbm1,Miyanomoto_18,1,44,-0.14000000000000057,-0.014318181818181897,0.5731893543505526,grubbs,0.8293518937033172,0.8102506360799888,2.2935779816513763e-4,617,n.s.,1.838235294117647e-4,563,n.s.
Yayoi,mbm1,Miyanomoto_18,2,44,-0.14999999999999858,-0.014318181818181897,0.5731893543505526,grubbs,0.8160003879213391,0.7969737948879672,2.1186440677966104e-4,599,n.s.,1.724137931034483e-4,545,n.s.
Yayoi,mbm1,Miyanomoto_21,1,44,0.05000000000000071,-0.014318181818181897,0.5731893543505526,grubbs,0.912188862525603,0.9316841162167955,4.8543689320388353e-4,732,n.s.,4.347826086956522e-4,720,n.s.
Yayoi,mbm1,Miyanomoto_21,2,44,0.22000000000000064,-0.014318181818181897,0.5731893543505526,grubbs,0.6876098218778517,0.7058106107468822,1.3736263736263736e-4,471,n.s.,1.3774104683195594e-4,472,n.s.
Yayoi,mbm1,miyanomoto_23,1,44,-0.010000000000001563,-0.014318181818181897,0.5731893543505526,grubbs,0.9940930664215492,0.9863213117236413,0.00625,827,n.s.,0.0017857142857142859,807,n.s.
Yayoi,mbm1,miyanomoto_23,2,44,0.06999999999999851,-0.014318181818181897,0.5731893543505526,grubbs,0.8850450674262091,0.904466132286398,3.3783783783783786e-4,687,n.s.,3.4722222222222224e-4,691,n.s.
Yayoi,mbm1,Miyanomoto_26,1,44,0.019999999999999574,-0.014318181818181897,0.5731893543505526,grubbs,0.9530811462253573,0.9726465046294928,8.771929824561404e-4,778,n.s.,0.0011363636363636365,791,n.s.
Yayoi,mbm1,Miyanomoto_26,2,44,-0.08000000000000007,-0.014318181818181897,0.5731893543505526,grubbs,0.9103346498797653,0.8908957214920287,4.761904761904762e-4,730,n.s.,3.0864197530864197e-4,673,n.s.
Yayoi,mbm1,Miyanomoto_27,1,44,-0.17999999999999972,-0.014318181818181897,0.5731893543505526,grubbs,0.7762683696623313,0.7574961586210176,1.7605633802816902e-4,551,n.s.,1.5337423312883436e-4,509,n.s.
Yayoi,mbm1,Miyanomoto_27,2,44,-0.19000000000000128,-0.014318181818181897,0.5731893543505526,grubbs,0.763143636693028,0.7444661244399964,1.6778523489932888e-4,537,n.s.,1.5015015015015017e-4,502,n.s.
Yayoi,mbm1,Miyanomoto_33,1,44,0.3100000000000005,-0.014318181818181897,0.5731893543505526,grubbs,0.5775132151936198,0.5944857901632817,1.1415525114155252e-4,397,n.s.,1.1337868480725624e-4,394,n.s.
Yayoi,mbm1,Miyanomoto_33,2,44,-2.5299999999999994,-0.014318181818181897,0.5731893543505526,grubbs,8.053003422475782e-7,6.625710565105044e-7,6.273525721455459e-5,38,*,6.313131313131313e-5,43,*
Yayoi,mbm1,Miyanomoto_35,1,44,0.09999999999999964,-0.014318181818181897,0.5731893543505526,grubbs,0.8445818251966928,0.8638510271407296,2.525252525252525e-4,637,n.s.,2.4271844660194176e-4,629,n.s.
Yayoi,mbm1,Miyanomoto_35,2,44,-0.15000000000000036,-0.014318181818181897,0.5731893543505526,grubbs,0.8160003879213368,0.7969737948879647,2.109704641350211e-4,598,n.s.,1.718213058419244e-4,544,n.s.
Yayoi,mbm1,miyanomoto_36,1,44,-0.05000000000000071,-0.014318181818181897,0.5731893543505526,grubbs,0.9512190223802837,0.9316841162167955,7.352941176470588e-4,767,n.s.,4.385964912280702e-4,721,n.s.
Yayoi,mbm1,miyanomoto_36,2,44,-0.14999999999999858,-0.014318181818181897,0.5731893543505526,grubbs,0.8160003879213391,0.7969737948879672,2.1276595744680854e-4,600,n.s.,1.730103806228374e-4,546,n.s.
Yayoi,mbm1,Miyanomoto_37,1,44,0.08999999999999986,-0.014318181818181897,0.5731893543505526,grubbs,0.8580309133935188,0.8773560968597626,2.824858757062147e-4,658,n.s.,2.6737967914438503e-4,648,n.s.
Yayoi,mbm1,Miyanomoto_37,2,44,-0.03999999999999915,-0.014318181818181897,0.5731893543505526,grubbs,0.9648799361905311,0.9453240398412842,0.0011627906976744186,792,n.s.,5.102040816326531e-4,737,n.s.
Yayoi,mbm1,miyanomoto_9,1,44,-0.4299999999999997,-0.014318181818181897,0.5731893543505526,grubbs,0.4747556010846885,0.45958161003379705,9.72762645914397e-5,321,n.s.,9.615384615384615e-5,315,n.s.
Yayoi,mbm1,miyanomoto_9,2,44,-0.030000000000001137,-0.014318181818181897,0.5731893543505526,grubbs,0.9785508100473669,0.9589794567531855,0.0015625,803,n.s.,7.8125e-4,771,n.s.
Yayoi,mbm1,Okinoharu_12,1,44,2.54,-0.014318181818181897,0.5731893543505526,grubbs,4.7268975432925736e-7,5.7723228577699e-7,6.25782227784731e-5,36,*,6.305170239596469e-5,42,*
Yayoi,mbm1,Okinoharu_12,2,44,-0.120000000000001,-0.014318181818181897,0.5731893543505526,grubbs,0.8561945144454892,0.8369594852926285,2.7624309392265195e-4,654,n.s.,2.0408163265306123e-4,590,n.s.
Yayoi,mbm2,Fukahori_11,1,28,-0.02999999999999936,0.007857142857142754,0.290444833071964,grubbs,0.8991087490110357,0.9199731990798654,4.032258064516129e-4,711,n.s.,4.065040650406504e-4,712,n.s.
Yayoi,mbm2,Fukahori_11,2,28,0,0.007857142857142754,0.290444833071964,grubbs,0.9790095535643097,1,0.0016666666666666668,805,n.s.,0.0125,831,n.s.
Yayoi,mbm2,Fukahori_13,1,28,0.2400000000000002,0.007857142857142754,0.290444833071964,grubbs,0.43439784117304003,0.41882703969152724,9.293680297397771e-5,297,n.s.,9.090909090909092e-5,285,n.s.
Yayoi,mbm2,Fukahori_13,2,28,-0.28999999999999915,0.007857142857142754,0.290444833071964,grubbs,0.31411018216289355,0.32728164528030645,8.064516129032258e-5,215,n.s.,8.143322475570033e-5,221,n.s.
Yayoi,mbm2,Fukahori_15,1,28,0.13000000000000078,0.007857142857142754,0.290444833071964,grubbs,0.6820745092781979,0.6627834939522104,1.358695652173913e-4,467,n.s.,1.2853470437017997e-4,446,n.s.
Yayoi,mbm2,Fukahori_15,2,28,0.13000000000000078,0.007857142857142754,0.290444833071964,grubbs,0.6820745092781979,0.6627834939522104,1.3623978201634878e-4,468,n.s.,1.288659793814433e-4,447,n.s.
Yayoi,mbm2,Fukahori_19,1,28,0,0.007857142857142754,0.290444833071964,grubbs,0.9790095535643097,1,0.0016129032258064516,804,n.s.,0.01,830,n.s.
Yayoi,mbm2,Fukahori_19,2,28,0.08000000000000007,0.007857142857142754,0.290444833071964,grubbs,0.8090074191226232,0.7886500463386861,2.0161290322580645e-4,587,n.s.,1.644736842105263e-4,531,n.s.
Yayoi,mbm2,Fukahori_2002-8-A,1,28,0.11000000000000121,0.007857142857142754,0.290444833071964,grubbs,0.7320485792576353,0.712274292956736,1.5290519877675843e-4,508,n.s.,1.41643059490085e-4,482,n.s.
Yayoi,mbm2,Fukahori_2002-8-A,2,28,-0.15000000000000036,0.007857142857142754,0.290444833071964,grubbs,0.5961432604959029,0.6146468657274113,1.1848341232227489e-4,413,n.s.,1.179245283018868e-4,411,n.s.
Yayoi,mbm2,Fukahori_8,1,28,-0.22000000000000064,0.007857142857142754,0.290444833071964,grubbs,0.4430223323825938,0.4590714011758731,9.363295880149813e-5,301,n.s.,9.596928982725528e-5,314,n.s.
Yayoi,mbm2,Fukahori_8,2,28,0.06999999999999851,0.007857142857142754,0.290444833071964,grubbs,0.8350929350439242,0.8145813025899831,2.347417840375587e-4,622,n.s.,1.8726591760299626e-4,568,n.s.
Yayoi,mbm2,Fukahori_Takahoko,1,28,1.0199999999999996,0.007857142857142754,0.290444833071964,grubbs,1.1101871816515591e-4,9.403595884454794e-5,6.313131313131313e-5,43,n.s.,6.369426751592357e-5,50,n.s.
Yayoi,mbm2,Fukahori_Takahoko,2,28,-0.35999999999999943,0.007857142857142754,0.290444833071964,grubbs,0.2115227612143161,0.22172531392176154,7.530120481927712e-5,171,n.s.,7.564296520423601e-5,174,n.s.
Yayoi,mbm2,miyanomoto_14,1,28,0.08000000000000007,0.007857142857142754,0.290444833071964,grubbs,0.8090074191226232,0.7886500463386861,2.0242914979757087e-4,588,n.s.,1.6501650165016502e-4,532,n.s.
Yayoi,mbm2,miyanomoto_14,2,28,-0.14000000000000057,0.007857142857142754,0.290444833071964,grubbs,0.6197344515695142,0.6385351720951101,1.234567901234568e-4,430,n.s.,1.2165450121654502e-4,424,n.s.
Yayoi,mbm2,miyanomoto_23,1,28,0.07000000000000028,0.007857142857142754,0.290444833071964,grubbs,0.8350929350439196,0.8145813025899784,2.3364485981308412e-4,621,n.s.,1.8656716417910448e-4,567,n.s.
Yayoi,mbm2,miyanomoto_23,2,28,0.23000000000000043,0.007857142857142754,0.290444833071964,grubbs,0.454664121870922,0.4386985752588999,9.505703422053233e-5,309,n.s.,9.433962264150944e-5,305,n.s.
Yayoi,mbm2,Miyanomoto_27,1,28,0.22999999999999865,0.007857142857142754,0.290444833071964,grubbs,0.45466412187092575,0.43869857525890366,9.523809523809524e-5,310,n.s.,9.45179584120983e-5,306,n.s.
Yayoi,mbm2,Miyanomoto_27,2,28,0.28999999999999915,0.007857142857142754,0.290444833071964,grubbs,0.34078662647153624,0.32728164528030645,8.210180623973728e-5,226,n.s.,8.156606851549755e-5,222,n.s.
Yayoi,mbm2,Miyanomoto_35,1,28,0.019999999999999574,0.007857142857142754,0.290444833071964,grubbs,0.9675651306672456,0.9466016857686561,0.00125,795,n.s.,5.376344086021505e-4,742,n.s.
Yayoi,mbm2,Miyanomoto_35,2,28,-0.07000000000000028,0.007857142857142754,0.290444833071964,grubbs,0.7941891410139679,0.8145813025899784,1.8587360594795541e-4,566,n.s.,1.8587360594795541e-4,566,n.s.
Yayoi,mbm2,miyanomoto_36,1,28,0.02999999999999936,0.007857142857142754,0.290444833071964,grubbs,0.9408898644899701,0.9199731990798654,6.666666666666668e-4,760,n.s.,4.098360655737705e-4,713,n.s.
Yayoi,mbm2,miyanomoto_36,2,28,-0.39000000000000057,0.007857142857142754,0.290444833071964,grubbs,0.1755342100864674,0.1845111908793572,7.429420505200595e-5,162,n.s.,7.48502994011976e-5,167,n.s.
Yayoi,mbm2,miyanomoto_9,1,28,-0.030000000000001137,0.007857142857142754,0.290444833071964,grubbs,0.899108749011031,0.9199731990798606,4e-4,710,n.s.,4.032258064516129e-4,711,n.s.
Yayoi,mbm2,miyanomoto_9,2,28,-0.1899999999999995,0.007857142857142754,0.290444833071964,grubbs,0.5059102361375943,0.5230824528439595,1.0351966873706004e-4,352,n.s.,1.02880658436214e-4,349,n.s.
Yayoi,mbm2,Okinoharu_12,1,28,-0.6500000000000004,0.007857142857142754,0.290444833071964,grubbs,0.020807856641009218,0.02254803889492676,6.501950585175553e-5,66,n.s.,6.55307994757536e-5,72,n.s.
Yayoi,mbm2,Okinoharu_12,2,28,0.009999999999999787,0.007857142857142754,0.290444833071964,grubbs,0.9942747548428705,0.9732866921871604,0.0071428571428571435,828,n.s.,0.0011904761904761906,793,n.s.
Yayoi,mbp1,Fukahori_11,1,46,-0.009999999999999787,-0.06521739130434781,0.25553203000306607,grubbs,0.8316637066595476,0.9692991062018588,2.304147465437788e-4,618,n.s.,8.928571428571429e-4,779,n.s.
Yayoi,mbp1,Fukahori_11,2,46,-0.019999999999999574,-0.06521739130434781,0.25553203000306607,grubbs,0.8618203423781367,0.9386421522748878,2.8409090909090913e-4,659,n.s.,4.5454545454545455e-4,725,n.s.
Yayoi,mbp1,Fukahori_13,1,46,0.16999999999999993,-0.06521739130434781,0.25553203000306607,grubbs,0.3631357923842592,0.5119340799320973,8.445945945945946e-5,243,n.s.,1.0245901639344262e-4,347,n.s.
Yayoi,mbp1,Fukahori_13,2,46,-0.019999999999999574,-0.06521739130434781,0.25553203000306607,grubbs,0.8618203423781367,0.9386421522748878,2.8571428571428574e-4,660,n.s.,4.5871559633027525e-4,726,n.s.
Yayoi,mbp1,Fukahori_15,1,46,0.16999999999999993,-0.06521739130434781,0.25553203000306607,grubbs,0.3631357923842592,0.5119340799320973,8.431703204047218e-5,242,n.s.,1.0224948875255624e-4,346,n.s.
Yayoi,mbp1,Fukahori_15,2,46,0.45999999999999996,-0.06521739130434781,0.25553203000306607,grubbs,0.0385197045575292,0.07151888944999861,6.613756613756614e-5,79,n.s.,6.802721088435374e-5,100,n.s.
Yayoi,mbp1,Fukahori_16,1,46,-0.75,-0.06521739130434781,0.25553203000306607,grubbs,0.006035420461139281,0.002410443842794824,6.393861892583121e-5,53,n.s.,6.435006435006436e-5,58,n.s.
Yayoi,mbp1,Fukahori_16,2,46,-0.4900000000000002,-0.06521739130434781,0.25553203000306607,grubbs,0.09696937905617503,0.05429561879098671,6.993006993006993e-5,120,n.s.,6.793478260869565e-5,99,n.s.
Yayoi,mbp1,Fukahori_17,1,46,-0.1200000000000001,-0.06521739130434781,0.25553203000306607,grubbs,0.8329702189206502,0.6438030542285808,2.3255813953488373e-4,620,n.s.,1.2254901960784314e-4,427,n.s.
Yayoi,mbp1,Fukahori_17,2,46,-0.1800000000000006,-0.06521739130434781,0.25553203000306607,grubbs,0.6583156069366778,0.4873015349140123,1.3123359580052493e-4,454,n.s.,9.900990099009902e-5,330,n.s.
Yayoi,mbp1,Fukahori_2,1,46,0.10000000000000053,-0.06521739130434781,0.25553203000306607,grubbs,0.5239328781919139,0.7001005368500328,1.050420168067227e-4,359,n.s.,1.3623978201634878e-4,468,n.s.
Yayoi,mbp1,Fukahori_2,2,46,0.10999999999999943,-0.06521739130434781,0.25553203000306607,grubbs,0.49900449314388506,0.6717291944800419,1.0245901639344262e-4,347,n.s.,1.3089005235602096e-4,453,n.s.
Yayoi,mbp1,Fukahori_2002-10,1,46,0.11000000000000032,-0.06521739130434781,0.25553203000306607,grubbs,0.49900449314388295,0.6717291944800393,1.0224948875255624e-4,346,n.s.,1.3054830287206266e-4,452,n.s.
Yayoi,mbp1,Fukahori_2002-10,2,46,-0.07000000000000028,-0.06521739130434781,0.25553203000306607,grubbs,0.9853142604205112,0.7875318308937633,0.0020833333333333333,811,n.s.,1.639344262295082e-4,530,n.s.
Yayoi,mbp1,Fukahori_2002-11,1,46,-0.669999999999999,-0.06521739130434781,0.25553203000306607,grubbs,0.0163038377282418,0.007328477768269037,6.493506493506494e-5,65,n.s.,6.485084306095979e-5,64,n.s.
Yayoi,mbp1,Fukahori_2002-11,2,46,-0.07000000000000028,-0.06521739130434781,0.25553203000306607,grubbs,0.9853142604205112,0.7875318308937633,0.002,810,n.s.,1.6339869281045753e-4,529,n.s.
Yayoi,mbp1,Fukahori_2002-8-A,1,46,0.20000000000000018,-0.06521739130434781,0.25553203000306607,grubbs,0.30457525279159586,0.4399552069987992,8.038585209003216e-5,213,n.s.,9.505703422053233e-5,309,n.s.
Yayoi,mbp1,Fukahori_2002-8-A,2,46,-0.5699999999999994,-0.06521739130434781,0.25553203000306607,grubbs,0.04713491950093524,0.02409871328297808,6.640106241699867e-5,82,n.s.,6.561679790026247e-5,73,n.s.
Yayoi,mbp1,Fukahori_4,1,46,0.009999999999999787,-0.06521739130434781,0.25553203000306607,grubbs,0.7721045333386123,0.9692991062018588,1.724137931034483e-4,545,n.s.,8.620689655172415e-4,777,n.s.
Yayoi,mbp1,Fukahori_4,2,46,-0.09999999999999964,-0.06521739130434781,0.25553203000306607,grubbs,0.8934965138145063,0.7001005368500355,3.846153846153846e-4,705,n.s.,1.366120218579235e-4,469,n.s.
Yayoi,mbp1,Fukahori_6,1,46,0.27999999999999936,-0.06521739130434781,0.25553203000306607,grubbs,0.17965043389877783,0.27808860311020167,7.440476190476191e-5,163,n.s.,7.692307692307693e-5,185,n.s.
Yayoi,mbp1,Fukahori_6,2,46,-0.6799999999999997,-0.06521739130434781,0.25553203000306607,grubbs,0.014506347043035465,0.006430107217543732,6.459948320413438e-5,61,n.s.,6.46830530401035e-5,62,n.s.
Yayoi,mbp1,Fukahori_8,1,46,0.13999999999999968,-0.06521739130434781,0.25553203000306607,grubbs,0.4280382114279331,0.589415993131262,9.174311926605505e-5,290,n.s.,1.1286681715575621e-4,392,n.s.
Yayoi,mbp1,Fukahori_8,2,46,0.1900000000000004,-0.06521739130434781,0.25553203000306607,grubbs,0.3233810992106665,0.46330247434022975,8.143322475570033e-5,221,n.s.,9.671179883945843e-5,318,n.s.
Yayoi,mbp1,miyanomoto_11,1,46,-0.13000000000000078,-0.06521739130434781,0.25553203000306607,grubbs,0.803040170145934,0.6163549806655862,1.937984496124031e-4,577,n.s.,1.1848341232227489e-4,413,n.s.
Yayoi,mbp1,miyanomoto_11,2,46,-0.009999999999999787,-0.06521739130434781,0.25553203000306607,grubbs,0.8316637066595476,0.9692991062018588,2.314814814814815e-4,619,n.s.,9.090909090909091e-4,780,n.s.
Yayoi,mbp1,miyanomoto_12,1,46,0.13000000000000078,-0.06521739130434781,0.25553203000306607,grubbs,0.451038903126152,0.6163549806655862,9.433962264150944e-5,305,n.s.,1.182033096926714e-4,412,n.s.
Yayoi,mbp1,miyanomoto_12,2,46,0.019999999999999574,-0.06521739130434781,0.25553203000306607,grubbs,0.7427823882155107,0.9386421522748878,1.577287066246057e-4,518,n.s.,4.5045045045045046e-4,724,n.s.
Yayoi,mbp1,miyanomoto_14,1,46,-0.02999999999999936,-0.06521739130434781,0.25553203000306607,grubbs,0.8921730382882465,0.9080728980485335,3.787878787878788e-4,703,n.s.,3.5211267605633805e-4,693,n.s.
Yayoi,mbp1,miyanomoto_14,2,46,-0.25,-0.06521739130434781,0.25553203000306607,grubbs,0.47574350889451456,0.3334770731476798,9.765625e-5,323,n.s.,8.169934640522877e-5,223,n.s.
Yayoi,mbp1,miyanomoto_20,1,46,0.0799999999999983,-0.06521739130434781,0.25553203000306607,grubbs,0.5755727461823752,0.7580388124562965,1.1389521640091117e-4,396,n.s.,1.5384615384615385e-4,510,n.s.
Yayoi,mbp1,miyanomoto_20,2,46,0.03000000000000025,-0.06521739130434781,0.25553203000306607,grubbs,0.7138167764898928,0.9080728980485309,1.4534883720930232e-4,491,n.s.,3.4965034965034965e-4,692,n.s.
Yayoi,mbp1,Miyanomoto_21,1,46,-0.2599999999999998,-0.06521739130434781,0.25553203000306607,grubbs,0.4520540307004022,0.3142975859061143,9.46969696969697e-5,307,n.s.,8.077544426494346e-5,216,n.s.
Yayoi,mbp1,Miyanomoto_21,2,46,0.22999999999999954,-0.06521739130434781,0.25553203000306607,grubbs,0.2524554238797038,0.37397307620506837,7.692307692307693e-5,185,n.s.,8.488964346349746e-5,246,n.s.
Yayoi,mbp1,miyanomoto_23,1,46,0.07000000000000028,-0.06521739130434781,0.25553203000306607,grubbs,0.6022344546520739,0.7875318308937633,1.1961722488038278e-4,417,n.s.,1.6286644951140066e-4,528,n.s.
Yayoi,mbp1,miyanomoto_23,2,46,0.1299999999999999,-0.06521739130434781,0.25553203000306607,grubbs,0.4510389031261539,0.6163549806655886,9.45179584120983e-5,306,n.s.,1.1876484560570071e-4,414,n.s.
Yayoi,mbp1,Miyanomoto_35,1,46,0.009999999999999787,-0.06521739130434781,0.25553203000306607,grubbs,0.7721045333386123,0.9692991062018588,1.730103806228374e-4,546,n.s.,8.771929824561404e-4,778,n.s.
Yayoi,mbp1,Miyanomoto_35,2,46,-0.25,-0.06521739130434781,0.25553203000306607,grubbs,0.47574350889451456,0.3334770731476798,9.784735812133073e-5,324,n.s.,8.183306055646482e-5,224,n.s.
Yayoi,mbp1,miyanomoto_36,1,46,-0.20000000000000018,-0.06521739130434781,0.25553203000306607,grubbs,0.6034057675711937,0.4399552069987992,1.2048192771084338e-4,420,n.s.,9.523809523809524e-5,310,n.s.
Yayoi,mbp1,miyanomoto_36,2,46,-0.22999999999999865,-0.06521739130434781,0.25553203000306607,grubbs,0.5250305484822868,0.37397307620507036,1.0638297872340427e-4,365,n.s.,8.517887563884158e-5,248,n.s.
Yayoi,mbp1,Miyanomoto_6,1,46,0.10999999999999943,-0.06521739130434781,0.25553203000306607,grubbs,0.49900449314388506,0.6717291944800419,1.0266940451745381e-4,348,n.s.,1.3123359580052493e-4,454,n.s.
Yayoi,mbp1,Miyanomoto_6,2,46,-0.2400000000000002,-0.06521739130434781,0.25553203000306607,grubbs,0.5000755105457508,0.35337048364162094,1.02880658436214e-4,349,n.s.,8.250825082508251e-5,229,n.s.
Yayoi,mbp1,miyanomoto_9,1,46,-0.15000000000000036,-0.06521739130434781,0.25553203000306607,grubbs,0.7440501229863262,0.5630151674029991,1.5923566878980894e-4,521,n.s.,1.0964912280701755e-4,379,n.s.
Yayoi,mbp1,miyanomoto_9,2,46,-0.22999999999999954,-0.06521739130434781,0.25553203000306607,grubbs,0.5250305484822844,0.37397307620506837,1.0615711252653928e-4,364,n.s.,8.503401360544218e-5,247,n.s.
Yayoi,mbp1,Okinoharu_12,1,46,-0.040000000000000036,-0.06521739130434781,0.25553203000306607,grubbs,0.9226792772585379,0.877634744439695,5.154639175257732e-4,738,n.s.,2.6881720430107527e-4,649,n.s.
Yayoi,mbp1,Okinoharu_12,2,46,0.020000000000000462,-0.06521739130434781,0.25553203000306607,grubbs,0.742782388215508,0.938642152274885,1.5723270440251574e-4,517,n.s.,4.4642857142857147e-4,723,n.s.
Yayoi,mbp2,Fukahori_11,1,36,-0.20000000000000018,-0.06166666666666668,0.27940242355018013,grubbs,0.6273860378340973,0.4820079350434119,1.2468827930174565e-4,434,n.s.,9.881422924901186e-5,329,n.s.
Yayoi,mbp2,Fukahori_11,2,36,0.05999999999999961,-0.06166666666666668,0.27940242355018013,grubbs,0.6695502806655236,0.83346863313197606,1.3368983957219252e-4,461,n.s.,2e-4,585,n.s.
Yayoi,mbp2,Fukahori_13,1,36,0.22999999999999954,-0.06166666666666668,0.27940242355018013,grubbs,0.3032889632231596,0.41825374189056963,8.025682182985554e-5,212,n.s.,9.057971014492754e-5,283,n.s.
Yayoi,mbp2,Fukahori_13,2,36,-0.05999999999999872,-0.06166666666666668,0.27940242355018013,grubbs,0.9953414992565819,0.8334686331319785,0.01,830,n.s.,2.0080321285140563e-4,586,n.s.
Yayoi,mbp2,Fukahori_15,1,36,-0.1299999999999999,-0.06166666666666668,0.27940242355018013,grubbs,0.8107339358156986,0.6483331730390403,2.0491803278688525e-4,591,n.s.,1.2531328320802005e-4,436,n.s.
Yayoi,mbp2,Fukahori_15,2,36,-0.020000000000000462,-0.06166666666666668,0.27940242355018013,grubbs,0.8839317616063935,0.9441414580933606,3.3112582781456954e-4,684,n.s.,4.8543689320388353e-4,732,n.s.
Yayoi,mbp2,Fukahori_16,1,36,0,-0.06166666666666668,0.27940242355018013,grubbs,0.8289103896944272,1,2.2831050228310504e-4,616,n.s.,0.004545454545454546,824,n.s.
Yayoi,mbp2,Fukahori_16,2,36,-0.5599999999999996,-0.06166666666666668,0.27940242355018013,grubbs,0.07422923516251986,0.04353507654483315,6.720430107526882e-5,91,n.s.,6.756756756756757e-5,95,n.s.
Yayoi,mbp2,Fukahori_17,1,36,-0.120000000000001,-0.06166666666666668,0.27940242355018013,grubbs,0.8380322435363878,0.6738248468831443,2.4390243902439027e-4,630,n.s.,1.3192612137203166e-4,456,n.s.
Yayoi,mbp2,Fukahori_17,2,36,0.22000000000000064,-0.06166666666666668,0.27940242355018013,grubbs,0.3204146488417245,0.4389576318500913,8.130081300813008e-5,220,n.s.,9.46969696969697e-5,307,n.s.
Yayoi,mbp2,Fukahori_2002-11,1,36,-0.21000000000000085,-0.06166666666666668,0.27940242355018013,grubbs,0.602625160056738,0.460213093736494,1.201923076923077e-4,419,n.s.,9.633911368015414e-5,316,n.s.
Yayoi,mbp2,Fukahori_2002-11,2,36,0.09999999999999964,-0.06166666666666668,0.27940242355018013,grubbs,0.5702850088690186,0.7258737143132061,1.1286681715575621e-4,392,n.s.,1.4326647564469916e-4,486,n.s.
Yayoi,mbp2,Fukahori_2002-8-A,1,36,-0.03999999999999915,-0.06166666666666668,0.27940242355018013,grubbs,0.9394948056170691,0.8885448471704505,6.329113924050633e-4,756,n.s.,2.8571428571428574e-4,660,n.s.
Yayoi,mbp2,Fukahori_2002-8-A,2,36,0.08000000000000007,-0.06166666666666668,0.27940242355018013,grubbs,0.619085877018885,0.7791644233188285,1.2285012285012285e-4,428,n.s.,1.5923566878980894e-4,521,n.s.
Yayoi,mbp2,Fukahori_4,1,36,0.009999999999999787,-0.06166666666666668,0.27940242355018013,grubbs,0.8016816013930171,0.9720543175778968,1.9157088122605365e-4,574,n.s.,0.001,785,n.s.
Yayoi,mbp2,Fukahori_4,2,36,-0.08000000000000007,-0.06166666666666668,0.27940242355018013,grubbs,0.948789931531649,0.7791644233188285,7.142857142857143e-4,765,n.s.,1.6025641025641026e-4,523,n.s.
Yayoi,mbp2,Fukahori_6,1,36,0.6299999999999999,-0.06166666666666668,0.27940242355018013,grubbs,0.011279191286758078,0.02206227383222452,6.443298969072165e-5,59,n.s.,6.544502617801048e-5,71,n.s.
Yayoi,mbp2,Fukahori_6,2,36,-1.2699999999999996,-0.06166666666666668,0.27940242355018013,grubbs,5.473944778257864e-7,6.614886037395519e-8,6.265664160401002e-5,37,*,6.297229219143577e-5,41,*
Yayoi,mbp2,Fukahori_8,1,36,0.08000000000000007,-0.06166666666666668,0.27940242355018013,grubbs,0.619085877018885,0.7791644233188285,1.2315270935960593e-4,429,n.s.,1.597444089456869e-4,522,n.s.
Yayoi,mbp2,Fukahori_8,2,36,-0.11000000000000032,-0.06166666666666668,0.27940242355018013,grubbs,0.8655185503738785,0.6996803710252768,3.0120481927710846e-4,669,n.s.,1.358695652173913e-4,467,n.s.
Yayoi,mbp2,Miyanomoto_2,1,36,0.009999999999999787,-0.06166666666666668,0.27940242355018013,grubbs,0.8016816013930171,0.9720543175778968,1.923076923076923e-4,575,n.s.,0.0010204081632653062,786,n.s.
Yayoi,mbp2,Miyanomoto_2,2,36,-0.03999999999999915,-0.06166666666666668,0.27940242355018013,grubbs,0.9394948056170691,0.8885448471704505,6.41025641025641e-4,757,n.s.,2.8735632183908046e-4,661,n.s.
Yayoi,mbp2,Miyanomoto_21,1,36,0.07000000000000028,-0.06166666666666668,0.27940242355018013,grubbs,0.6441216994706709,0.8062046603401922,1.269035532994924e-4,441,n.s.,1.7857142857142857e-4,555,n.s.
Yayoi,mbp2,Miyanomoto_21,2,36,-0.040000000000000924,-0.06166666666666668,0.27940242355018013,grubbs,0.939494805617074,0.8885448471704456,0.00064935064935064935,758,n.s.,2.8409090909090913e-4,659,n.s.
Yayoi,mbp2,miyanomoto_23,1,36,0.02999999999999936,-0.06166666666666668,0.27940242355018013,grubbs,0.7479400293485032,0.9162941356371319,1.6339869281045753e-4,529,n.s.,3.703703703703704e-4,700,n.s.
Yayoi,mbp2,miyanomoto_23,2,36,-0.21999999999999886,-0.06166666666666668,0.27940242355018013,grubbs,0.5782954068493231,0.43895763185009495,1.1441647597254005e-4,398,n.s.,9.487666034155598e-5,308,n.s.
Yayoi,mbp2,Miyanomoto_27,1,36,-0.07000000000000028,-0.06166666666666668,0.27940242355018013,grubbs,0.9767105376019267,0.8062046603401922,0.001388888888888889,799,n.s.,1.7921146953405018e-4,556,n.s.
Yayoi,mbp2,Miyanomoto_27,2,36,-0.0699999999999994,-0.06166666666666668,0.27940242355018013,grubbs,0.9767105376019292,0.8062046603401946,0.0014705882352941176,801,n.s.,1.805054151624549e-4,558,n.s.
Yayoi,mbp2,Miyanomoto_35,1,36,0.040000000000000924,-0.06166666666666668,0.27940242355018013,grubbs,0.7214858351037781,0.8885448471704456,1.4880952380952382e-4,499,n.s.,2.824858757062147e-4,658,n.s.
Yayoi,mbp2,Miyanomoto_35,2,36,-0.07000000000000028,-0.06166666666666668,0.27940242355018013,grubbs,0.9767105376019267,0.8062046603401922,0.0014285714285714286,800,n.s.,1.7985611510791367e-4,557,n.s.
Yayoi,mbp2,Miyanomoto_6,1,36,0.08999999999999897,-0.06166666666666668,0.27940242355018013,grubbs,0.5944662617102083,0.7523777675835006,1.182033096926714e-4,412,n.s.,1.5197568389057752e-4,506,n.s.
Yayoi,mbp2,Miyanomoto_6,2,36,-0.009999999999999787,-0.06166666666666668,0.27940242355018013,grubbs,0.8563374801596065,0.9720543175778968,2.777777777777778e-4,655,n.s.,0.0010416666666666667,787,n.s.
Yayoi,mbp2,miyanomoto_9,1,36,-0.4200000000000008,-0.06166666666666668,0.27940242355018013,grubbs,0.20422321551340725,0.13501909935809764,7.518796992481204e-5,170,n.s.,7.352941176470589e-5,155,n.s.
Yayoi,mbp2,miyanomoto_9,2,36,-0.009999999999999787,-0.06166666666666668,0.27940242355018013,grubbs,0.8563374801596065,0.9720543175778968,2.793296089385475e-4,656,n.s.,0.0010638297872340426,788,n.s.
Yayoi,mbp2,Okinoharu_12,1,36,-0.14000000000000057,-0.06166666666666668,0.27940242355018013,grubbs,0.7836543159786981,0.6232302283802857,1.8115942028985507e-4,559,n.s.,1.1990407673860912e-4,418,n.s.
Yayoi,mbp2,Okinoharu_12,2,36,0.020000000000000462,-0.06166666666666668,0.27940242355018013,grubbs,0.7746815764400028,0.9441414580933606,1.7543859649122808e-4,550,n.s.,4.807692307692308e-4,731,n.s.
Yayoi,mlc,Fukahori_10,1,40,0.21999999999999975,0.1425,0.6810540473300306,grubbs,0.9111129228924046,0.7511859896895906,4.807692307692308e-4,731,n.s.,1.5151515151515152e-4,505,n.s.
Yayoi,mlc,Fukahori_10,2,40,0.040000000000000036,0.1425,0.6810540473300306,grubbs,0.8826151584512042,0.9540555736601941,3.205128205128205e-4,679,n.s.,6.849315068493151e-4,762,n.s.
Yayoi,mlc,Fukahori_11,1,40,-0.11000000000000032,0.1425,0.6810540473300306,grubbs,0.7158651943263273,0.8740926076184985,1.457725947521866e-4,492,n.s.,2.617801047120419e-4,644,n.s.
Yayoi,mlc,Fukahori_11,2,40,0.3799999999999999,0.1425,0.6810540473300306,grubbs,0.7320995471967426,0.5834368200202638,1.5337423312883436e-4,509,n.s.,1.1210762331838565e-4,389,n.s.
Yayoi,mlc,Fukahori_13,1,40,-0.17999999999999972,0.1425,0.6810540473300306,grubbs,0.6418271255252069,0.7953489427794932,1.2658227848101267e-4,440,n.s.,1.6835016835016836e-4,538,n.s.
Yayoi,mlc,Fukahori_13,2,40,-0.020000000000000462,0.1425,0.6810540473300306,grubbs,0.8148794260192408,0.9770186181901943,2.092050209205021e-4,596,n.s.,0.001388888888888889,799,n.s.
Yayoi,mlc,Fukahori_15,1,40,-0.10000000000000053,0.1425,0.6810540473300306,grubbs,0.7266748653714646,0.8854589644796991,1.5015015015015017e-4,502,n.s.,2.717391304347826e-4,651,n.s.
Yayoi,mlc,Fukahori_15,2,40,0.23000000000000043,0.1425,0.6810540473300306,grubbs,0.8996985956224163,0.7402606983786775,4.065040650406504e-4,712,n.s.,1.4749262536873156e-4,496,n.s.
Yayoi,mlc,Fukahori_16,1,40,0.13999999999999968,0.1425,0.6810540473300306,grubbs,0.9971269510462568,0.840151993251705,0.025,833,n.s.,2.109704641350211e-4,598,n.s.
Yayoi,mlc,Fukahori_16,2,40,-0.6399999999999997,0.1425,0.6810540473300306,grubbs,0.2558286505420209,0.3540089505452655,7.704160246533128e-5,186,n.s.,8.264462809917356e-5,230,n.s.
Yayoi,mlc,Fukahori_19,1,40,0.009999999999999787,0.1425,0.6810540473300306,grubbs,0.8486128534519076,0.9885081625274399,2.538071065989848e-4,638,n.s.,0.0019230769230769232,809,n.s.
Yayoi,mlc,Fukahori_19,2,40,-0.3100000000000005,0.1425,0.6810540473300306,grubbs,0.513422564076476,0.6548244527847706,1.0438413361169103e-4,356,n.s.,1.272264631043257e-4,442,n.s.
Yayoi,mlc,Fukahori_2,1,40,1.21,0.1425,0.6810540473300306,grubbs,0.11842780266749543,0.07542193221977167,7.15307582260372e-5,136,n.s.,6.821282401091406e-5,102,n.s.
Yayoi,mlc,Fukahori_2,2,40,1.1800000000000006,0.1425,0.6810540473300306,grubbs,0.1294689447962316,0.08326262691399432,7.27802037845706e-5,148,n.s.,6.934812760055478e-5,114,n.s.
Yayoi,mlc,Fukahori_2002-10,1,40,0.5800000000000001,0.1425,0.6810540473300306,grubbs,0.5275553326656124,0.40139764876626705,1.0660980810234542e-4,366,n.s.,8.787346221441125e-5,266,n.s.
Yayoi,mlc,Fukahori_2002-10,2,40,-0.23000000000000043,0.1425,0.6810540473300306,grubbs,0.5909165849405746,0.7402606983786775,1.1737089201877935e-4,409,n.s.,1.4705882352941178e-4,495,n.s.
Yayoi,mlc,Fukahori_2002-8-A,1,40,-0.1200000000000001,0.1425,0.6810540473300306,grubbs,0.7051100375476473,0.8627511905937592,1.4084507042253522e-4,480,n.s.,2.3923444976076556e-4,626,n.s.
Yayoi,mlc,Fukahori_2002-8-A,2,40,-0.13999999999999968,0.1425,0.6810540473300306,grubbs,0.6837707670240405,0.840151993251705,1.366120218579235e-4,469,n.s.,2.100840336134454e-4,597,n.s.
Yayoi,mlc,Fukahori_4,1,40,-0.5999999999999996,0.1425,0.6810540473300306,grubbs,0.28133217894009066,0.3852098943881096,7.800312012480499e-5,194,n.s.,8.65051903114187e-5,257,n.s.
Yayoi,mlc,Fukahori_4,2,40,0.07999999999999918,0.1425,0.6810540473300306,grubbs,0.9282668446802727,0.9082575962060337,5.434782608695652e-4,743,n.s.,3.546099290780142e-4,694,n.s.
Yayoi,mlc,Fukahori_6,1,40,0.7400000000000002,0.1425,0.6810540473300306,grubbs,0.3872121007527889,0.282979365921767,8.620689655172414e-5,255,n.s.,7.716049382716049e-5,187,n.s.
Yayoi,mlc,Fukahori_6,2,40,0.16999999999999993,0.1425,0.6810540473300306,grubbs,0.968404343574661,0.806494927109195,0.0013157894736842105,797,n.s.,1.8115942028985507e-4,559,n.s.
Yayoi,mlc,Fukahori_8,1,40,-0.08999999999999986,0.1425,0.6810540473300306,grubbs,0.7375371380855276,0.8968480390049696,1.5625e-4,515,n.s.,3.3112582781456954e-4,684,n.s.
Yayoi,mlc,Fukahori_8,2,40,0.1299999999999999,0.1425,0.6810540473300306,grubbs,0.9856354719046734,0.8514369215245582,0.002173913043478261,812,n.s.,2.242152466367713e-4,612,n.s.
Yayoi,mlc,miyanomoto_12,1,40,-0.28000000000000025,0.1425,0.6810540473300306,grubbs,0.5418763021903118,0.6864253337760673,1.1037527593818985e-4,382,n.s.,1.3333333333333334e-4,460,n.s.
Yayoi,mlc,miyanomoto_12,2,40,-0.11999999999999922,0.1425,0.6810540473300306,grubbs,0.7051100375476483,0.8627511905937602,1.4124293785310735e-4,481,n.s.,2.403846153846154e-4,627,n.s.
Yayoi,mlc,miyanomoto_14,1,40,0.45999999999999996,0.1425,0.6810540473300306,grubbs,0.6470136740546563,0.5064280091989769,1.2787723785166242e-4,444,n.s.,1.016260162601626e-4,343,n.s.
Yayoi,mlc,miyanomoto_14,2,40,0.3000000000000007,0.1425,0.6810540473300306,grubbs,0.8204805061804483,0.6652954915160165,2.1645021645021645e-4,604,n.s.,1.2953367875647668e-4,449,n.s.
Yayoi,mlc,Miyanomoto_21,1,40,-0.5300000000000002,0.1425,0.6810540473300306,grubbs,0.3298257555976063,0.4435444248843051,8.183306055646482e-5,224,n.s.,9.541984732824427e-5,311,n.s.
Yayoi,mlc,Miyanomoto_21,2,40,0.040000000000000036,0.1425,0.6810540473300306,grubbs,0.8826151584512042,0.9540555736601941,3.246753246753247e-4,681,n.s.,7.042253521126761e-4,764,n.s.
Yayoi,mlc,miyanomoto_23,1,40,0.009999999999999787,0.1425,0.6810540473300306,grubbs,0.8486128534519076,0.9885081625274399,2.5510204081632655e-4,639,n.s.,0.002,810,n.s.
Yayoi,mlc,miyanomoto_23,2,40,0.009999999999999787,0.1425,0.6810540473300306,grubbs,0.8486128534519076,0.9885081625274399,2.564102564102564e-4,640,n.s.,0.0020833333333333333,811,n.s.
Yayoi,mlc,Miyanomoto_35,1,40,-0.1900000000000004,0.1425,0.6810540473300306,grubbs,0.6315044994974094,0.7842429924101604,1.256281407035176e-4,437,n.s.,1.6129032258064516e-4,525,n.s.
Yayoi,mlc,Miyanomoto_35,2,40,-0.040000000000000036,0.1425,0.6810540473300306,grubbs,0.7925686205089034,0.9540555736601941,1.845018450184502e-4,564,n.s.,6.756756756756757e-4,761,n.s.
Yayoi,mlc,miyanomoto_36,1,40,0.009999999999999787,0.1425,0.6810540473300306,grubbs,0.8486128534519076,0.9885081625274399,2.577319587628866e-4,641,n.s.,0.002173913043478261,812,n.s.
Yayoi,mlc,miyanomoto_36,2,40,0.17999999999999972,0.1425,0.6810540473300306,grubbs,0.9569243254360469,0.7953489427794932,9.433962264150943e-4,782,n.s.,1.6891891891891893e-4,539,n.s.
Yayoi,mlc,Miyanomoto_6,1,40,0.2600000000000007,0.1425,0.6810540473300306,grubbs,0.8655840857320344,0.7077936125477654,3.0303030303030303e-4,670,n.s.,1.3966480446927376e-4,477,n.s.
Yayoi,mlc,Miyanomoto_6,2,40,-0.5800000000000001,0.1425,0.6810540473300306,grubbs,0.29468538150090223,0.40139764876626705,7.898894154818326e-5,202,n.s.,8.771929824561404e-5,265,n.s.
Yayoi,mlc,miyanomoto_9,1,40,0.040000000000000036,0.1425,0.6810540473300306,grubbs,0.8826151584512042,0.9540555736601941,3.225806451612903e-4,680,n.s.,6.944444444444445e-4,763,n.s.
Yayoi,mlc,miyanomoto_9,2,40,3.5600000000000005,0.1425,0.6810540473300306,grubbs,7.465430484645055e-10,3.599247037755884e-11,6.242197253433208e-5,34,*,6.289308176100629e-5,40,*
Yayoi,mli1,Fukahori_10,1,30,-0.20999999999999996,0.015333333333333391,1.5679983579630155,grubbs,0.8886126840116805,0.8961500367547997,3.4246575342465754e-4,689,n.s.,3.205128205128205e-4,679,n.s.
Yayoi,mli1,Fukahori_10,2,30,-0.28000000000000025,0.015333333333333391,1.5679983579630155,grubbs,0.8543338885433087,0.8618224943489773,2.717391304347826e-4,651,n.s.,2.3364485981308412e-4,621,n.s.
Yayoi,mli1,Fukahori_11,1,30,0.6600000000000001,0.015333333333333391,1.5679983579630155,grubbs,0.6882840940091532,0.6812529371771808,1.3774104683195594e-4,472,n.s.,1.3262599469496023e-4,458,n.s.
Yayoi,mli1,Fukahori_11,2,30,0.28999999999999915,0.015333333333333391,1.5679983579630155,grubbs,0.8644300262693738,0.8569372426617379,2.958579881656805e-4,666,n.s.,2.314814814814815e-4,619,n.s.
Yayoi,mli1,Fukahori_13,1,30,0.0600000000000005,0.015333333333333391,1.5679983579630155,grubbs,0.9778544415624534,0.9702551510336958,0.0015151515151515152,802,n.s.,9.25925925925926e-4,781,n.s.
Yayoi,mli1,Fukahori_13,2,30,-0.5,0.015333333333333391,1.5679983579630155,grubbs,0.7485586039084069,0.755810361976627,1.639344262295082e-4,530,n.s.,1.524390243902439e-4,507,n.s.
Yayoi,mli1,Fukahori_15,1,30,0.03000000000000025,0.015333333333333391,1.5679983579630155,grubbs,0.9927275333572294,0.9851251224162262,0.005,825,n.s.,0.001724137931034483,806,n.s.
Yayoi,mli1,Fukahori_15,2,30,-0.25,0.015333333333333391,1.5679983579630155,grubbs,0.8689965643780289,0.8765076788945418,3.048780487804878e-4,671,n.s.,2.631578947368421e-4,645,n.s.
Yayoi,mli1,Fukahori_16,1,30,-0.04999999999999982,0.015333333333333391,1.5679983579630155,grubbs,0.9676124868373571,0.975210960311923,0.001282051282051282,796,n.s.,0.001282051282051282,796,n.s.
Yayoi,mli1,Fukahori_16,2,30,0.29000000000000004,0.015333333333333391,1.5679983579630155,grubbs,0.8644300262693734,0.8569372426617374,2.9411764705882356e-4,665,n.s.,2.304147465437788e-4,618,n.s.
Yayoi,mli1,Fukahori_17,1,30,0.33999999999999986,0.015333333333333391,1.5679983579630155,grubbs,0.8400430355442279,0.8325923885287871,2.4509803921568627e-4,631,n.s.,1.976284584980237e-4,582,n.s.
Yayoi,mli1,Fukahori_17,2,30,-0.40999999999999925,0.015333333333333391,1.5679983579630155,grubbs,0.79140517574954,0.7987687818164304,1.8315018315018315e-4,562,n.s.,1.7361111111111112e-4,547,n.s.
Yayoi,mli1,Fukahori_2002-10,1,30,0.1999999999999993,0.015333333333333391,1.5679983579630155,grubbs,0.9086222621633155,0.9010705399787018,4.4642857142857147e-4,723,n.s.,3.333333333333334e-4,685,n.s.
Yayoi,mli1,Fukahori_2002-10,2,30,-0.35999999999999943,0.015333333333333391,1.5679983579630155,grubbs,0.8154787588968543,0.8228956555249431,2.100840336134454e-4,597,n.s.,1.923076923076923e-4,575,n.s.
Yayoi,mli1,Fukahori_2002-8-A,1,30,6.15,0.015333333333333391,1.5679983579630155,grubbs,7.151148529831283e-6,6.62368849662299e-6,6.28140703517588e-5,39,*,6.337135614702156e-5,46,*
Yayoi,mli1,Fukahori_2002-8-A,2,30,0.09999999999999964,0.015333333333333391,1.5679983579630155,grubbs,0.9580358602101475,0.9504446252403219,0.001,785,n.s.,5.747126436781609e-4,748,n.s.
Yayoi,mli1,Fukahori_4,1,30,-5.590000000000001,0.015333333333333391,1.5679983579630155,grubbs,7.436712230522038e-5,7.897705823641176e-5,6.305170239596469e-5,42,n.s.,6.353240152477763e-5,48,n.s.
Yayoi,mli1,Fukahori_4,2,30,-0.28000000000000025,0.015333333333333391,1.5679983579630155,grubbs,0.8543338885433087,0.8618224943489773,2.73224043715847e-4,652,n.s.,2.347417840375587e-4,622,n.s.
Yayoi,mli1,Fukahori_6,1,30,0.4400000000000004,0.015333333333333391,1.5679983579630155,grubbs,0.7917249703918716,0.7843782088672886,1.838235294117647e-4,563,n.s.,1.6181229773462783e-4,526,n.s.
Yayoi,mli1,Fukahori_6,2,30,0.040000000000000036,0.015333333333333391,1.5679983579630155,grubbs,0.987769327262372,0.9801676779603246,0.0029411764705882353,818,n.s.,0.0014285714285714286,800,n.s.
Yayoi,mli1,Fukahori_8,1,30,-0.009999999999999787,0.015333333333333391,1.5679983579630155,grubbs,0.9874387941181415,0.9950414651472188,0.0025,815,n.s.,0.002272727272727273,813,n.s.
Yayoi,mli1,Fukahori_8,2,30,0,0.015333333333333391,1.5679983579630155,grubbs,0.9923969759810294,1,0.004166666666666667,823,n.s.,0.05,834,n.s.
Yayoi,mli1,miyanomoto_14,1,30,-0.05999999999999961,0.015333333333333391,1.5679983579630155,grubbs,0.9626584228106028,0.9702551510336962,0.0011111111111111111,790,n.s.,9.433962264150943e-4,782,n.s.
Yayoi,mli1,miyanomoto_14,2,30,-0.3699999999999992,0.015333333333333391,1.5679983579630155,grubbs,0.8106500502075344,0.8180568041155027,2.0408163265306123e-4,590,n.s.,1.893939393939394e-4,571,n.s.
Yayoi,mli1,Miyanomoto_18,1,30,0.2600000000000007,0.015333333333333391,1.5679983579630155,grubbs,0.8791227503944863,0.8716078875108813,3.1645569620253165e-4,677,n.s.,2.5906735751295336e-4,642,n.s.
Yayoi,mli1,Miyanomoto_18,2,30,0.2699999999999996,0.015333333333333391,1.5679983579630155,grubbs,0.8742205394163677,0.8667127675652322,3.125e-4,675,n.s.,2.512562814070352e-4,636,n.s.
Yayoi,mli1,Miyanomoto_6,1,30,0.25,0.015333333333333391,1.5679983579630155,grubbs,0.8840293631155496,0.8765076788945418,3.333333333333334e-4,685,n.s.,2.6455026455026457e-4,646,n.s.
Yayoi,mli1,Miyanomoto_6,2,30,-0.2599999999999998,0.015333333333333391,1.5679983579630155,grubbs,0.8641040075715546,0.8716078875108817,2.9239766081871346e-4,664,n.s.,2.6041666666666666e-4,643,n.s.
Yayoi,mli1,miyanomoto_9,1,30,-0.16000000000000014,0.015333333333333391,1.5679983579630155,grubbs,0.9132228448667356,0.920786872268153,4.901960784313725e-4,733,n.s.,4.166666666666667e-4,715,n.s.
Yayoi,mli1,miyanomoto_9,2,30,-0.1299999999999999,0.015333333333333391,1.5679983579630155,grubbs,0.928028407435791,0.9356051475709888,5.376344086021505e-4,742,n.s.,4.4247787610619474e-4,722,n.s.
Yayoi,mli2,Fukahori_10,1,34,0.21999999999999975,-0.08235294117647056,0.41488266923735395,grubbs,0.47454122319073977,0.6034851863658817,9.70873786407767e-5,320,n.s.,1.160092807424594e-4,404,n.s.
Yayoi,mli2,Fukahori_10,2,34,-1.21,-0.08235294117647056,0.41488266923735395,grubbs,0.00485247299170608,0.002267416970759617,6.385696040868455e-5,52,n.s.,6.418485237483954e-5,56,n.s.
Yayoi,mli2,Fukahori_11,1,34,0.3899999999999997,-0.08235294117647056,0.41488266923735395,grubbs,0.2612456544376814,0.3550824561629228,7.7399380804953565e-05,189,n.s.,8.361204013377927e-5,237,n.s.
Yayoi,mli2,Fukahori_11,2,34,-0.3700000000000001,-0.08235294117647056,0.41488266923735395,grubbs,0.4964537473847095,0.38060265550126027,1.0141987829614606e-4,342,n.s.,8.59106529209622e-5,253,n.s.
Yayoi,mli2,Fukahori_13,1,34,0.07000000000000028,-0.08235294117647056,0.41488266923735395,grubbs,0.7193629287080541,0.8689731998187882,1.4619883040935673e-4,493,n.s.,2.564102564102564e-4,640,n.s.
Yayoi,mli2,Fukahori_13,2,34,-0.3600000000000003,-0.08235294117647056,0.41488266923735395,grubbs,0.5116430573842601,0.3937558135100667,1.0416666666666667e-4,355,n.s.,8.710801393728223e-5,261,n.s.
Yayoi,mli2,Fukahori_15,1,34,-0.02999999999999936,-0.08235294117647056,0.41488266923735395,grubbs,0.901818437047798,0.9436471563345374,4.098360655737705e-4,713,n.s.,4.716981132075472e-4,729,n.s.
Yayoi,mli2,Fukahori_15,2,34,0.4299999999999997,-0.08235294117647056,0.41488266923735395,grubbs,0.22221661914388144,0.30723142762249545,7.598784194528876e-5,177,n.s.,8.025682182985554e-5,212,n.s.
Yayoi,mli2,Fukahori_16,1,34,0.040000000000000036,-0.08235294117647056,0.41488266923735395,grubbs,0.7729952750266714,0.9249093059763742,1.7421602787456446e-4,548,n.s.,4.3103448275862074e-4,719,n.s.
Yayoi,mli2,Fukahori_16,2,34,-0.3000000000000007,-0.08235294117647056,0.41488266923735395,grubbs,0.6073792091632999,0.4780127540982245,1.2106537530266344e-4,422,n.s.,9.823182711198429e-5,326,n.s.
Yayoi,mli2,Fukahori_17,1,34,-0.13999999999999968,-0.08235294117647056,0.41488266923735395,grubbs,0.891945485496349,0.7413036643288057,0.00037593984962406017,702,n.s.,1.4925373134328358e-4,500,n.s.
Yayoi,mli2,Fukahori_17,2,34,-0.08000000000000007,-0.08235294117647056,0.41488266923735395,grubbs,0.9955766749953769,0.8504527739204726,0.0125,831,n.s.,2.2321428571428573e-4,611,n.s.
Yayoi,mli2,Fukahori_19,1,34,-0.1200000000000001,-0.08235294117647056,0.41488266923735395,grubbs,0.9293150044837944,0.7772495268436087,0.00054945054945054945,744,n.s.,1.5873015873015873e-4,520,n.s.
Yayoi,mli2,Fukahori_19,2,34,0.21999999999999975,-0.08235294117647056,0.41488266923735395,grubbs,0.47454122319073977,0.6034851863658817,9.689922480620155e-5,319,n.s.,1.1574074074074075e-4,403,n.s.
Yayoi,mli2,Fukahori_2002-10,1,34,-0.14000000000000057,-0.08235294117647056,0.41488266923735395,grubbs,0.8919454854963472,0.7413036643288041,3.7313432835820896e-4,701,n.s.,1.4836795252225521e-4,498,n.s.
Yayoi,mli2,Fukahori_2002-10,2,34,-0.05999999999999961,-0.08235294117647056,0.41488266923735395,grubbs,0.9579967550112767,0.8875625482598348,9.80392156862745e-4,784,n.s.,2.793296089385475e-4,656,n.s.
Yayoi,mli2,Fukahori_2002-8-A,1,34,-1.4900000000000002,-0.08235294117647056,0.41488266923735395,grubbs,2.5682913051111025e-4,8.660520762268086e-5,6.329113924050633e-5,45,n.s.,6.361323155216285e-5,49,n.s.
Yayoi,mli2,Fukahori_2002-8-A,2,34,-0.6900000000000004,-0.08235294117647056,0.41488266923735395,grubbs,0.14582824362045965,0.09704222733001452,7.342143906020558e-5,154,n.s.,7.052186177715093e-5,126,n.s.
Yayoi,mli2,Fukahori_4,1,34,0.1299999999999999,-0.08235294117647056,0.41488266923735395,grubbs,0.6161796442280074,0.759214480438001,1.2195121951219514e-4,425,n.s.,1.5432098765432098e-4,511,n.s.
Yayoi,mli2,Fukahori_4,2,34,0.16000000000000014,-0.08235294117647056,0.41488266923735395,grubbs,0.5670406250691764,0.7058891642429814,1.1235955056179776e-4,390,n.s.,1.3850415512465375e-4,474,n.s.
Yayoi,mli2,Fukahori_6,1,34,0.13999999999999968,-0.08235294117647056,0.41488266923735395,grubbs,0.5996019228681027,0.7413036643288057,1.1933174224343676e-4,416,n.s.,1.4880952380952382e-4,499,n.s.
Yayoi,mli2,Fukahori_6,2,34,0.20000000000000018,-0.08235294117647056,0.41488266923735395,grubbs,0.5044664173724478,0.6369183597629168,1.0330578512396695e-4,351,n.s.,1.2135922330097088e-4,423,n.s.
Yayoi,mli2,Fukahori_8,1,34,0.009999999999999787,-0.08235294117647056,0.41488266923735395,grubbs,0.8276839697836244,0.9812024379691624,2.2727272727272727e-4,615,n.s.,0.0016129032258064516,804,n.s.
Yayoi,mli2,Fukahori_8,2,34,0.0600000000000005,-0.08235294117647056,0.41488266923735395,grubbs,0.7371083503701376,0.8875625482598333,1.5479876160990713e-4,512,n.s.,2.777777777777778e-4,655,n.s.
Yayoi,mli2,miyanomoto_14,1,34,0.34000000000000075,-0.08235294117647056,0.41488266923735395,grubbs,0.31604820842547166,0.42083673638631824,8.077544426494346e-5,216,n.s.,9.345794392523365e-5,300,n.s.
Yayoi,mli2,miyanomoto_14,2,34,0.16000000000000014,-0.08235294117647056,0.41488266923735395,grubbs,0.5670406250691764,0.7058891642429814,1.1261261261261261e-4,391,n.s.,1.388888888888889e-4,475,n.s.
Yayoi,mli2,Miyanomoto_18,1,34,0.020000000000000462,-0.08235294117647056,0.41488266923735395,grubbs,0.8093519736389395,0.9624148402595415,2.032520325203252e-4,589,n.s.,8.333333333333334e-4,775,n.s.
Yayoi,mli2,Miyanomoto_18,2,34,-0.5300000000000002,-0.08235294117647056,0.41488266923735395,grubbs,0.28748491810676235,0.2063368644749116,7.82472613458529e-5,196,n.s.,7.518796992481204e-5,170,n.s.
Yayoi,mli2,Miyanomoto_35,1,34,-0.4499999999999993,-0.08235294117647056,0.41488266923735395,grubbs,0.38367408157858585,0.2849153195233318,8.576329331046313e-5,252,n.s.,7.727975270479135e-5,188,n.s.
Yayoi,mli2,Miyanomoto_35,2,34,-0.02999999999999936,-0.08235294117647056,0.41488266923735395,grubbs,0.901818437047798,0.9436471563345374,4.132231404958678e-4,714,n.s.,4.761904761904762e-4,730,n.s.
Yayoi,mli2,Miyanomoto_6,1,34,0.2999999999999998,-0.08235294117647056,0.41488266923735395,grubbs,0.3647157200172305,0.47801275409822575,8.474576271186441e-5,245,n.s.,9.842519685039371e-5,327,n.s.
Yayoi,mli2,Miyanomoto_6,2,34,0.07000000000000028,-0.08235294117647056,0.41488266923735395,grubbs,0.7193629287080541,0.8689731998187882,1.466275659824047e-4,494,n.s.,2.577319587628866e-4,641,n.s.
Yayoi,mli2,miyanomoto_9,1,34,0.25,-0.08235294117647056,0.41488266923735395,grubbs,0.43146049698472366,0.554808517912482,9.208103130755066e-5,292,n.s.,1.0845986984815619e-4,374,n.s.
Yayoi,mli2,miyanomoto_9,2,34,-0.009999999999999787,-0.08235294117647056,0.41488266923735395,grubbs,0.864608896260804,0.9812024379691624,2.9761904761904765e-4,667,n.s.,0.0016666666666666668,805,n.s.
Yayoi,mlm1,Fukahori_11,1,46,-0.08000000000000007,-0.034130434782608667,0.2948640069738856,grubbs,0.8783906780671419,0.7895225576722944,3.144654088050315e-4,676,n.s.,1.6611295681063124e-4,534,n.s.
Yayoi,mlm1,Fukahori_11,2,46,-0.1899999999999995,-0.034130434782608667,0.2948640069738856,grubbs,0.6026096314134388,0.5253507658041188,1.1990407673860912e-4,418,n.s.,1.0309278350515464e-4,350,n.s.
Yayoi,mlm1,Fukahori_13,1,46,0.07000000000000028,-0.034130434782608667,0.2948640069738856,grubbs,0.7281858715020699,0.8153399007009412,1.5105740181268882e-4,504,n.s.,0.00018796992481203009,569,n.s.
Yayoi,mlm1,Fukahori_13,2,46,0.7099999999999991,-0.034130434782608667,0.2948640069738856,grubbs,0.010080638636869543,0.014419336935198965,6.418485237483954e-5,56,n.s.,6.527415143603133e-5,69,n.s.
Yayoi,mlm1,Fukahori_15,1,46,0.040000000000000924,-0.034130434782608667,0.2948640069738856,grubbs,0.804651024656628,0.8938564177850276,1.953125e-4,579,n.s.,3.1645569620253165e-4,677,n.s.
Yayoi,mlm1,Fukahori_15,2,46,-0.019999999999999574,-0.034130434782608667,0.2948640069738856,grubbs,0.9624094788596647,0.9468140532356708,0.0010869565217391304,789,n.s.,0.00054945054945054945,744,n.s.
Yayoi,mlm1,Fukahori_16,1,46,0.0600000000000005,-0.034130434782608667,0.2948640069738856,grubbs,0.7534252598514917,0.8413526011238064,1.6556291390728477e-4,533,n.s.,2.1186440677966104e-4,599,n.s.
Yayoi,mlm1,Fukahori_16,2,46,-0.05999999999999872,-0.034130434782608667,0.2948640069738856,grubbs,0.9312383103866512,0.841352601123811,5.681818181818183e-4,747,n.s.,2.1367521367521368e-4,601,n.s.
Yayoi,mlm1,Fukahori_17,1,46,-0.2599999999999998,-0.034130434782608667,0.2948640069738856,grubbs,0.44981857269448455,0.38385992782742506,9.416195856873823e-5,304,n.s.,8.635578583765113e-5,256,n.s.
Yayoi,mlm1,Fukahori_17,2,46,-0.1999999999999993,-0.034130434782608667,0.2948640069738856,grubbs,0.5794665095916105,0.5036822158857353,1.1494252873563219e-4,400,n.s.,1.0141987829614606e-4,342,n.s.
Yayoi,mlm1,Fukahori_18,1,46,0,-0.034130434782608667,0.2948640069738856,grubbs,0.9093612812002468,1,4.62962962962963e-4,727,n.s.,0.00625,827,n.s.
Yayoi,mlm1,Fukahori_18,2,46,0,-0.034130434782608667,0.2948640069738856,grubbs,0.9093612812002468,1,4.6728971962616824e-4,728,n.s.,0.0071428571428571435,828,n.s.
Yayoi,mlm1,Fukahori_2002-8-A,1,46,0.41999999999999993,-0.034130434782608667,0.2948640069738856,grubbs,0.1249434494472262,0.15667683256464074,7.225433526011561e-5,143,n.s.,7.407407407407407e-5,160,n.s.
Yayoi,mlm1,Fukahori_2002-8-A,2,46,0.14000000000000057,-0.034130434782608667,0.2948640069738856,grubbs,0.560658253026109,0.6401369998140831,1.1185682326621924e-4,388,n.s.,1.2195121951219514e-4,425,n.s.
Yayoi,mlm1,Fukahori_4,1,46,-0.09999999999999964,-0.034130434782608667,0.2948640069738856,grubbs,0.8260621126689045,0.7385780474041015,2.2321428571428573e-4,611,n.s.,1.457725947521866e-4,492,n.s.
Yayoi,mlm1,Fukahori_4,2,46,0.02000000000000135,-0.034130434782608667,0.2948640069738856,grubbs,0.856701175206905,0.946814053235666,2.808988764044944e-4,657,n.s.,5.434782608695652e-4,743,n.s.
Yayoi,mlm1,Fukahori_6,1,46,0.1999999999999993,-0.034130434782608667,0.2948640069738856,grubbs,0.43330939719060046,0.5036822158857353,9.242144177449169e-5,294,n.s.,1.0121457489878543e-4,341,n.s.
Yayoi,mlm1,Fukahori_6,2,46,0.2599999999999998,-0.034130434782608667,0.2948640069738856,grubbs,0.32399679108040513,0.38385992782742506,8.169934640522877e-5,223,n.s.,8.620689655172414e-5,255,n.s.
Yayoi,mlm1,Fukahori_8,1,46,-0.08999999999999986,-0.034130434782608667,0.2948640069738856,grubbs,0.8521477185973736,0.7639267651780476,2.6455026455026457e-4,646,n.s.,1.5576323987538941e-4,514,n.s.
Yayoi,mlm1,Fukahori_8,2,46,-0.05000000000000071,-0.034130434782608667,0.2948640069738856,grubbs,0.957786900843201,0.8675338731976525,9.615384615384616e-4,783,n.s.,2.538071065989848e-4,638,n.s.
Yayoi,mlm1,Fukahori_Takahoko,1,46,-0.10000000000000142,-0.034130434782608667,0.2948640069738856,grubbs,0.8260621126688998,0.738578047404097,2.2222222222222223e-4,610,n.s.,1.4534883720930232e-4,491,n.s.
Yayoi,mlm1,Fukahori_Takahoko,2,46,-1.040000000000001,-0.034130434782608667,0.2948640069738856,grubbs,3.2144047353170255e-4,1.8401014364960913e-4,6.34517766497462e-5,47,n.s.,6.385696040868455e-5,52,n.s.
Yayoi,mlm1,Miyanomoto_13,1,46,-0.030000000000001137,-0.034130434782608667,0.2948640069738856,grubbs,0.9890084040538981,0.9202925040477007,0.0033333333333333335,820,n.s.,4.132231404958678e-4,714,n.s.
Yayoi,mlm1,Miyanomoto_13,2,46,-0.2699999999999996,-0.034130434782608667,0.2948640069738856,grubbs,0.42987750183285467,0.3656790903483019,9.191176470588235e-5,291,n.s.,8.460236886632826e-5,244,n.s.
Yayoi,mlm1,Miyanomoto_18,1,46,-0.20000000000000107,-0.034130434782608667,0.2948640069738856,grubbs,0.5794665095916065,0.5036822158857315,1.1467889908256881e-4,399,n.s.,1.0101010101010101e-4,340,n.s.
Yayoi,mlm1,Miyanomoto_18,2,46,0.47999999999999865,-0.034130434782608667,0.2948640069738856,grubbs,0.08123169415944131,0.10431773749779033,6.887052341597797e-5,109,n.s.,7.173601147776183e-5,138,n.s.
Yayoi,mlm1,Miyanomoto_21,1,46,0.7300000000000004,-0.034130434782608667,0.2948640069738856,grubbs,0.008102588812373943,0.011717045800074969,6.41025641025641e-5,55,n.s.,6.510416666666667e-5,67,n.s.
Yayoi,mlm1,Miyanomoto_21,2,46,-0.45000000000000107,-0.034130434782608667,0.2948640069738856,grubbs,0.16088521344234444,0.12850294978798965,7.385524372230429e-5,158,n.s.,7.342143906020558e-5,154,n.s.
Yayoi,mlm1,miyanomoto_23,1,46,-0.16999999999999993,-0.034130434782608667,0.2948640069738856,grubbs,0.6500573131304823,0.570026613267024,1.282051282051282e-4,445,n.s.,1.1061946902654868e-4,383,n.s.
Yayoi,mlm1,miyanomoto_23,2,46,-0.09999999999999964,-0.034130434782608667,0.2948640069738856,grubbs,0.8260621126689045,0.7385780474041015,2.2522522522522523e-4,613,n.s.,1.466275659824047e-4,494,n.s.
Yayoi,mlm1,Miyanomoto_26,1,46,0.08000000000000007,-0.034130434782608667,0.2948640069738856,grubbs,0.7032283430216469,0.7895225576722944,1.404494382022472e-4,479,n.s.,1.6556291390728477e-4,533,n.s.
Yayoi,mlm1,Miyanomoto_26,2,46,0.040000000000000924,-0.034130434782608667,0.2948640069738856,grubbs,0.804651024656628,0.8938564177850276,1.9607843137254904e-4,580,n.s.,3.1847133757961787e-4,678,n.s.
Yayoi,mlm1,Miyanomoto_27,1,46,-0.0600000000000005,-0.034130434782608667,0.2948640069738856,grubbs,0.9312383103866465,0.8413526011238064,5.617977528089888e-4,746,n.s.,2.1276595744680854e-4,600,n.s.
Yayoi,mlm1,Miyanomoto_27,2,46,0.009999999999999787,-0.034130434782608667,0.2948640069738856,grubbs,0.882968706844768,0.9733927241691418,3.289473684210526e-4,683,n.s.,0.00125,795,n.s.
Yayoi,mlm1,Miyanomoto_33,1,46,-0.40000000000000036,-0.034130434782608667,0.2948640069738856,grubbs,0.21851764617734049,0.17782277498715374,7.587253414264036e-5,176,n.s.,7.440476190476191e-5,163,n.s.
Yayoi,mlm1,Miyanomoto_33,2,46,-0.27999999999999936,-0.034130434782608667,0.2948640069738856,grubbs,0.4104427749437767,0.34802795363912886,8.771929824561404e-5,265,n.s.,8.210180623973728e-5,226,n.s.
Yayoi,mlm1,miyanomoto_36,1,46,-0.5,-0.034130434782608667,0.2948640069738856,grubbs,0.1152327208090641,0.0902481084767992,7.142857142857143e-5,135,n.s.,6.963788300835655e-5,117,n.s.
Yayoi,mlm1,miyanomoto_36,2,46,0.049999999999998934,-0.034130434782608667,0.2948640069738856,grubbs,0.7789220530162917,0.8675338731976573,1.7857142857142857e-4,555,n.s.,2.5510204081632655e-4,639,n.s.
Yayoi,mlm1,Miyanomoto_37,1,46,-0.09999999999999964,-0.034130434782608667,0.2948640069738856,grubbs,0.8260621126689045,0.7385780474041015,2.242152466367713e-4,612,n.s.,1.4619883040935673e-4,493,n.s.
Yayoi,mlm1,Miyanomoto_37,2,46,0.05000000000000071,-0.034130434782608667,0.2948640069738856,grubbs,0.7789220530162871,0.8675338731976525,1.7793594306049823e-4,554,n.s.,2.525252525252525e-4,637,n.s.
Yayoi,mlm1,miyanomoto_9,1,46,-0.34999999999999964,-0.034130434782608667,0.2948640069738856,grubbs,0.2891214625453364,0.23948846228863954,7.886435331230284e-5,201,n.s.,7.610350076103501e-5,178,n.s.
Yayoi,mlm1,miyanomoto_9,2,46,0.25,-0.034130434782608667,0.2948640069738856,grubbs,0.34089283795109626,0.4025651651987652,8.223684210526316e-5,227,n.s.,8.802816901408451e-5,267,n.s.
Yayoi,mlm1,Miyanomoto_Jar 1,1,46,-0.17999999999999972,-0.034130434782608667,0.2948640069738856,grubbs,0.6261463895742303,0.5474707275771994,1.2437810945273634e-4,433,n.s.,1.0799136069114472e-4,372,n.s.
Yayoi,mlm1,Miyanomoto_Jar 1,2,46,-0.07000000000000028,-0.034130434782608667,0.2948640069738856,grubbs,0.9047635035981255,0.8153399007009412,4.201680672268908e-4,716,n.s.,1.8867924528301889e-4,570,n.s.
Yayoi,mlm1,Okinoharu_12,1,46,0.010000000000001563,-0.034130434782608667,0.2948640069738856,grubbs,0.8829687068447634,0.973392724169137,3.2679738562091506e-4,682,n.s.,0.0012195121951219512,794,n.s.
Yayoi,mlm1,Okinoharu_12,2,46,0.16000000000000014,-0.034130434782608667,0.2948640069738856,grubbs,0.5163451507610138,0.593001726042108,1.0460251046025105e-4,357,n.s.,1.1312217194570136e-4,393,n.s.
Yayoi,mlm2,Fukahori_11,1,28,0.040000000000000924,0.02285714285714294,0.3999245960674119,grubbs,0.9667452093037554,0.9224998160223321,0.0012195121951219512,794,n.s.,4.201680672268908e-4,716,n.s.
Yayoi,mlm2,Fukahori_11,2,28,-0.20000000000000107,0.02285714285714294,0.3999245960674119,grubbs,0.5868335703263616,0.6259480988352788,1.1655011655011655e-4,406,n.s.,1.201923076923077e-4,419,n.s.
Yayoi,mlm2,Fukahori_13,1,28,0.2400000000000002,0.02285714285714294,0.3999245960674119,grubbs,0.5965114850699486,0.5582213743222288,1.1876484560570071e-4,414,n.s.,1.091703056768559e-4,377,n.s.
Yayoi,mlm2,Fukahori_13,2,28,0.370000000000001,0.02285714285714294,0.3999245960674119,grubbs,0.39544334392237157,0.3646391621385201,8.665511265164645e-5,258,n.s.,8.445945945945946e-5,243,n.s.
Yayoi,mlm2,Fukahori_15,1,28,0.47000000000000064,0.02285714285714294,0.3999245960674119,grubbs,0.2715831370289137,0.24727842065765693,7.776049766718508e-5,192,n.s.,7.633587786259542e-5,180,n.s.
Yayoi,mlm2,Fukahori_15,2,28,-0.2599999999999998,0.02285714285714294,0.3999245960674119,grubbs,0.489640389666559,0.5256751364537648,1.0101010101010101e-4,340,n.s.,1.0330578512396695e-4,351,n.s.
Yayoi,mlm2,Fukahori_19,1,28,0.3200000000000003,0.02285714285714294,0.3999245960674119,grubbs,0.4677755227953786,0.43388395293487303,9.615384615384615e-5,315,n.s.,9.416195856873823e-5,304,n.s.
Yayoi,mlm2,Fukahori_19,2,28,-0.28999999999999915,0.02285714285714294,0.3999245960674119,grubbs,0.44432819392785217,0.47864349198329836,9.380863039399625e-5,302,n.s.,9.861932938856017e-5,328,n.s.
Yayoi,mlm2,Fukahori_2002-8-A,1,28,-0.02999999999999936,0.02285714285714294,0.3999245960674119,grubbs,0.897702757613017,0.9418369645226002,3.90625e-4,707,n.s.,4.6728971962616824e-4,728,n.s.
Yayoi,mlm2,Fukahori_2002-8-A,2,28,-0.09999999999999964,0.02285714285714294,0.3999245960674119,grubbs,0.7649228618649472,0.8077548095724718,1.6949152542372882e-4,540,n.s.,1.8248175182481753e-4,561,n.s.
Yayoi,mlm2,Fukahori_8,1,28,0.16999999999999993,0.02285714285714294,0.3999245960674119,grubbs,0.720149805607882,0.6788207574592815,1.4705882352941178e-4,495,n.s.,1.3227513227513228e-4,457,n.s.
Yayoi,mlm2,Fukahori_8,2,28,0.05999999999999872,0.02285714285714294,0.3999245960674119,grubbs,0.9280207750690233,0.8839658289396528,5.319148936170213e-4,741,n.s.,2.702702702702703e-4,650,n.s.
Yayoi,mlm2,Fukahori_Takahoko,1,28,0.3899999999999988,0.02285714285714294,0.3999245960674119,grubbs,0.3684101193535212,0.3388858791632171,8.488964346349746e-5,246,n.s.,8.19672131147541e-5,225,n.s.
Yayoi,mlm2,Fukahori_Takahoko,2,28,0.9800000000000004,0.02285714285714294,0.3999245960674119,grubbs,0.013988880695801592,0.011616785810201528,6.451612903225807e-5,60,n.s.,6.501950585175553e-5,66,n.s.
Yayoi,mlm2,miyanomoto_14,1,28,-0.08000000000000007,0.02285714285714294,0.3999245960674119,grubbs,0.8023681790735482,0.8456896717479554,1.9305019305019305e-4,576,n.s.,2.183406113537118e-4,606,n.s.
Yayoi,mlm2,miyanomoto_14,2,28,0.3000000000000007,0.02285714285714294,0.3999245960674119,grubbs,0.4985295187910963,0.4634648248775325,1.0204081632653062e-4,345,n.s.,9.689922480620155e-5,319,n.s.
Yayoi,mlm2,miyanomoto_23,1,28,0.35999999999999943,0.02285714285714294,0.3999245960674119,grubbs,0.4093734486666829,0.3779373324007561,8.756567425569177e-5,264,n.s.,8.561643835616438e-5,251,n.s.
Yayoi,mlm2,miyanomoto_23,2,28,0.019999999999999574,0.02285714285714294,0.3999245960674119,grubbs,0.9944560591965349,0.9612065798107488,0.008333333333333333,829,n.s.,7.936507936507937e-4,772,n.s.
Yayoi,mlm2,Miyanomoto_27,1,28,-0.009999999999999787,0.02285714285714294,0.3999245960674119,grubbs,0.9363082810721528,0.9805978675855314,6.097560975609756e-4,753,n.s.,0.0014705882352941176,801,n.s.
Yayoi,mlm2,Miyanomoto_27,2,28,-0.16000000000000014,0.02285714285714294,0.3999245960674119,grubbs,0.6559593337265299,0.6967983404194347,1.2953367875647668e-4,449,n.s.,1.3513513513513514e-4,465,n.s.
Yayoi,mlm2,Miyanomoto_35,1,28,0.120000000000001,0.02285714285714294,0.3999245960674119,grubbs,0.8131500702145269,0.7702426135106923,2.066115702479339e-4,593,n.s.,1.5625e-4,515,n.s.
Yayoi,mlm2,Miyanomoto_35,2,28,-0.11999999999999922,0.02285714285714294,0.3999245960674119,grubbs,0.7279900194605984,0.7702426135106957,1.5060240963855423e-4,503,n.s.,1.5673981191222572e-4,516,n.s.
Yayoi,mlm2,miyanomoto_36,1,28,-0.8099999999999987,0.02285714285714294,0.3999245960674119,grubbs,0.03500418285683604,0.04078706839306633,6.596306068601583e-5,77,n.s.,6.738544474393532e-5,93,n.s.
Yayoi,mlm2,miyanomoto_36,2,28,-0.3600000000000012,0.02285714285714294,0.3999245960674119,grubbs,0.347953789045379,0.3779373324007538,8.278145695364238e-5,231,n.s.,8.547008547008547e-5,250,n.s.
Yayoi,mlm2,miyanomoto_9,1,28,0.11999999999999922,0.02285714285714294,0.3999245960674119,grubbs,0.8131500702145303,0.7702426135106957,2.0746887966804981e-4,594,n.s.,1.5723270440251574e-4,517,n.s.
Yayoi,mlm2,miyanomoto_9,2,28,0,0.02285714285714294,0.3999245960674119,grubbs,0.9556697197099591,1,9.25925925925926e-4,781,n.s.,0.008333333333333333,829,n.s.
Yayoi,mlm2,Okinoharu_12,1,28,0.25,0.02285714285714294,0.3999245960674119,grubbs,0.5796206034462625,0.5418329914519542,1.152073732718894e-4,401,n.s.,1.0775862068965518e-4,371,n.s.
Yayoi,mlm2,Okinoharu_12,2,28,-1.1500000000000004,0.02285714285714294,0.3999245960674119,grubbs,0.0018781308121437234,0.002393585718365183,6.369426751592357e-5,50,n.s.,6.426735218508998e-5,57,n.s.
Yayoi,mlp1,Fukahori_11,1,44,0.04999999999999982,-0.04113636363636361,0.3515164219862342,grubbs,0.7988177189552974,0.8888207830446585,1.8867924528301889e-4,570,n.s.,2.9411764705882356e-4,665,n.s.
Yayoi,mlp1,Fukahori_11,2,44,-0.040000000000000036,-0.04113636363636361,0.3515164219862342,grubbs,0.997465255948818,0.9109560857518538,0.05,834,n.s.,3.6231884057971015e-4,697,n.s.
Yayoi,mlp1,Fukahori_13,1,44,-0.3200000000000003,-0.04113636363636361,0.3515164219862342,grubbs,0.4340124106556935,0.3687802351200894,9.27643784786642e-5,296,n.s.,8.474576271186441e-5,245,n.s.
Yayoi,mlp1,Fukahori_13,2,44,-0.9199999999999999,-0.04113636363636361,0.3515164219862342,grubbs,0.01078295363172658,0.007379995340396274,6.435006435006436e-5,58,n.s.,6.493506493506494e-5,65,n.s.
Yayoi,mlp1,Fukahori_15,1,44,-0.35999999999999943,-0.04113636363636361,0.3515164219862342,grubbs,0.37049893280658053,0.311362965585625,8.517887563884158e-5,248,n.s.,8.051529790660226e-5,214,n.s.
Yayoi,mlp1,Fukahori_15,2,44,0.5499999999999998,-0.04113636363636361,0.3515164219862342,grubbs,0.09305098548812499,0.11895601576508132,6.896551724137931e-5,110,n.s.,7.23589001447178e-5,144,n.s.
Yayoi,mlp1,Fukahori_16,1,44,-0.08999999999999986,-0.04113636363636361,0.3515164219862342,grubbs,0.8913322651358024,0.8012751696388899,3.5971223021582735e-4,696,n.s.,1.7421602787456446e-4,548,n.s.
Yayoi,mlp1,Fukahori_16,2,44,-0.7300000000000004,-0.04113636363636361,0.3515164219862342,grubbs,0.048954759985353986,0.036391889464633564,6.657789613848203e-5,84,n.s.,6.702412868632708e-5,89,n.s.
Yayoi,mlp1,Fukahori_17,1,44,0.04999999999999982,-0.04113636363636361,0.3515164219862342,grubbs,0.7988177189552974,0.8888207830446585,0.00018796992481203009,569,n.s.,2.9239766081871346e-4,664,n.s.
Yayoi,mlp1,Fukahori_17,2,44,-0.1999999999999993,-0.04113636363636361,0.3515164219862342,grubbs,0.6565892568700042,0.5753886043869298,1.3054830287206266e-4,452,n.s.,1.1135857461024499e-4,386,n.s.
Yayoi,mlp1,Fukahori_2,1,44,-0.1299999999999999,-0.04113636363636361,0.3515164219862342,grubbs,0.8037345202421021,0.7160769976507583,1.945525291828794e-4,578,n.s.,1.4204545454545457e-4,483,n.s.
Yayoi,mlp1,Fukahori_2,2,44,0,-0.04113636363636361,0.3515164219862342,grubbs,0.9084370308099015,1,4.3103448275862074e-4,719,n.s.,0.005,825,n.s.
Yayoi,mlp1,Fukahori_2002-10,1,44,-0.2599999999999998,-0.04113636363636361,0.3515164219862342,grubbs,0.539755134742338,0.4659494386323719,1.1013215859030837e-4,381,n.s.,9.746588693957116e-5,322,n.s.
Yayoi,mlp1,Fukahori_2002-10,2,44,-0.09999999999999964,-0.04113636363636361,0.3515164219862342,grubbs,0.8692700501552106,0.7797173284324989,3.0674846625766873e-4,672,n.s.,1.607717041800643e-4,524,n.s.
Yayoi,mlp1,Fukahori_2002-11,1,44,-0.21999999999999975,-0.04113636363636361,0.3515164219862342,grubbs,0.616542958057146,0.537643115104752,1.2224938875305625e-4,426,n.s.,1.0706638115631693e-4,368,n.s.
Yayoi,mlp1,Fukahori_2002-11,2,44,-0.35999999999999943,-0.04113636363636361,0.3515164219862342,grubbs,0.37049893280658053,0.311362965585625,8.503401360544218e-5,247,n.s.,8.038585209003216e-5,213,n.s.
Yayoi,mlp1,Fukahori_2002-8-A,1,44,0.2600000000000007,-0.04113636363636361,0.3515164219862342,grubbs,0.3979282088189756,0.4659494386323705,8.710801393728223e-5,261,n.s.,9.72762645914397e-5,321,n.s.
Yayoi,mlp1,Fukahori_2002-8-A,2,44,-0.29000000000000004,-0.04113636363636361,0.3515164219862342,grubbs,0.48537897178734535,0.4157471392154273,9.842519685039371e-5,327,n.s.,8.865248226950355e-5,271,n.s.
Yayoi,mlp1,Fukahori_4,1,44,-0.08999999999999986,-0.04113636363636361,0.3515164219862342,grubbs,0.8913322651358024,0.8012751696388899,3.6231884057971015e-4,697,n.s.,1.7482517482517483e-4,549,n.s.
Yayoi,mlp1,Fukahori_4,2,44,0.27000000000000046,-0.04113636363636361,0.3515164219862342,grubbs,0.3823129550475065,0.4488643728950463,8.561643835616438e-5,251,n.s.,9.560229445506692e-5,312,n.s.
Yayoi,mlp1,Fukahori_6,1,44,-0.47000000000000064,-0.04113636363636361,0.3515164219862342,grubbs,0.22664580366437384,0.18441181030110515,7.610350076103501e-5,178,n.s.,7.462686567164179e-5,165,n.s.
Yayoi,mlp1,Fukahori_6,2,44,0.46999999999999975,-0.04113636363636361,0.3515164219862342,grubbs,0.14812426239660303,0.18441181030110598,7.352941176470589e-5,155,n.s.,7.473841554559044e-5,166,n.s.
Yayoi,mlp1,miyanomoto_11,1,44,-0.17999999999999972,-0.04113636363636361,0.3515164219862342,grubbs,0.6976114934000762,0.6142989257854572,1.388888888888889e-4,475,n.s.,1.1764705882352942e-4,410,n.s.
Yayoi,mlp1,miyanomoto_11,2,44,-0.08999999999999986,-0.04113636363636361,0.3515164219862342,grubbs,0.8913322651358024,0.8012751696388899,3.6496350364963507e-4,698,n.s.,1.7543859649122808e-4,550,n.s.
Yayoi,mlp1,miyanomoto_12,1,44,0.21999999999999975,-0.04113636363636361,0.3515164219862342,grubbs,0.4639905717225995,0.537643115104752,9.578544061302682e-5,313,n.s.,1.0660980810234542e-4,366,n.s.
Yayoi,mlp1,miyanomoto_12,2,44,-0.08999999999999986,-0.04113636363636361,0.3515164219862342,grubbs,0.8913322651358024,0.8012751696388899,3.703703703703704e-4,700,n.s.,1.76678445229682e-4,552,n.s.
Yayoi,mlp1,miyanomoto_14,1,44,0.4499999999999993,-0.04113636363636361,0.3515164219862342,grubbs,0.16504630549901478,0.20418257857733224,7.396449704142012e-5,159,n.s.,7.507507507507509e-5,169,n.s.
Yayoi,mlp1,miyanomoto_14,2,44,-0.08000000000000007,-0.04113636363636361,0.3515164219862342,grubbs,0.9134760050759594,0.8229801149736539,4.950495049504951e-4,734,n.s.,1.937984496124031e-4,577,n.s.
Yayoi,mlp1,miyanomoto_20,1,44,0.05000000000000071,-0.04113636363636361,0.3515164219862342,grubbs,0.7988177189552955,0.8888207830446565,1.8726591760299626e-4,568,n.s.,2.8901734104046245e-4,662,n.s.
Yayoi,mlp1,miyanomoto_20,2,44,0.040000000000000036,-0.04113636363636361,0.3515164219862342,grubbs,0.8205067251173108,0.9109560857518538,2.183406113537118e-4,606,n.s.,3.5971223021582735e-4,696,n.s.
Yayoi,mlp1,Miyanomoto_21,1,44,-0.08000000000000007,-0.04113636363636361,0.3515164219862342,grubbs,0.9134760050759594,0.8229801149736539,5e-4,735,n.s.,1.945525291828794e-4,578,n.s.
Yayoi,mlp1,Miyanomoto_21,2,44,-0.7100000000000009,-0.04113636363636361,0.3515164219862342,grubbs,0.05622285825675376,0.04212079382143077,6.684491978609626e-5,87,n.s.,6.747638326585695e-5,94,n.s.
Yayoi,mlp1,miyanomoto_23,1,44,-0.08999999999999986,-0.04113636363636361,0.3515164219862342,grubbs,0.8913322651358024,0.8012751696388899,3.676470588235294e-4,699,n.s.,1.7605633802816902e-4,551,n.s.
Yayoi,mlp1,miyanomoto_23,2,44,0.040000000000000036,-0.04113636363636361,0.3515164219862342,grubbs,0.8205067251173108,0.9109560857518538,2.173913043478261e-4,605,n.s.,3.5714285714285714e-4,695,n.s.
Yayoi,mlp1,Miyanomoto_35,1,44,-0.05000000000000071,-0.04113636363636361,0.3515164219862342,grubbs,0.9802309175411368,0.8888207830446565,0.001724137931034483,806,n.s.,2.9069767441860465e-4,663,n.s.
Yayoi,mlp1,Miyanomoto_35,2,44,0.3000000000000007,-0.04113636363636361,0.3515164219862342,grubbs,0.3376909641560497,0.39972583262503014,8.19672131147541e-5,225,n.s.,8.756567425569177e-5,264,n.s.
Yayoi,mlp1,miyanomoto_36,1,44,0.08000000000000007,-0.04113636363636361,0.3515164219862342,grubbs,0.7347042363667343,0.8229801149736539,1.5384615384615385e-4,510,n.s.,1.9305019305019305e-4,576,n.s.
Yayoi,mlp1,miyanomoto_36,2,44,0.21999999999999975,-0.04113636363636361,0.3515164219862342,grubbs,0.4639905717225995,0.537643115104752,9.596928982725528e-5,314,n.s.,1.0683760683760684e-4,367,n.s.
Yayoi,mlp1,Miyanomoto_6,1,44,0.3699999999999992,-0.04113636363636361,0.3515164219862342,grubbs,0.24675391602665936,0.2979514297063846,7.680491551459293e-5,184,n.s.,7.974481658692185e-5,208,n.s.
Yayoi,mlp1,Miyanomoto_6,2,44,1.08,-0.04113636363636361,0.3515164219862342,grubbs,8.436956539703247e-4,0.0013770700575125576,6.361323155216285e-5,49,n.s.,6.41025641025641e-5,55,n.s.
Yayoi,mlp1,miyanomoto_9,1,44,0.17000000000000082,-0.04113636363636361,0.3515164219862342,grubbs,0.5542222875489218,0.6341639687022915,1.1111111111111112e-4,385,n.s.,1.2106537530266344e-4,422,n.s.
Yayoi,mlp1,miyanomoto_9,2,44,-0.16000000000000014,-0.04113636363636361,0.3515164219862342,grubbs,0.7395053201078109,0.6542868011262077,1.5673981191222572e-4,516,n.s.,1.269035532994924e-4,441,n.s.
Yayoi,mlp1,Okinoharu_12,1,44,0,-0.04113636363636361,0.3515164219862342,grubbs,0.9084370308099015,1,4.347826086956522e-4,720,n.s.,0.005555555555555556,826,n.s.
Yayoi,mlp1,Okinoharu_12,2,44,-0.3700000000000001,-0.04113636363636361,0.3515164219862342,grubbs,0.3555393539120304,0.29795142970638344,8.417508417508418e-5,241,n.s.,7.961783439490447e-5,207,n.s.
Yayoi,mlp2,Fukahori_11,1,38,0.33999999999999986,-0.21052631578947373,0.6403459680112166,grubbs,0.39726795165872986,0.6021932595492336,8.680555555555556e-5,259,n.s.,1.1441647597254005e-4,398,n.s.
Yayoi,mlp2,Fukahori_11,2,38,0.7700000000000005,-0.21052631578947373,0.6403459680112166,grubbs,0.12754372649756018,0.23424489662567777,7.246376811594203e-5,145,n.s.,7.587253414264036e-5,176,n.s.
Yayoi,mlp2,Fukahori_13,1,38,-0.16999999999999993,-0.21052631578947373,0.6403459680112166,grubbs,0.9505474332374277,0.7946554793147677,7.246376811594203e-4,766,n.s.,1.6778523489932888e-4,537,n.s.
Yayoi,mlp2,Fukahori_13,2,38,-0.3800000000000008,-0.21052631578947373,0.6403459680112166,grubbs,0.7952776202088074,0.5600031595346384,1.8656716417910448e-4,567,n.s.,1.0940919037199125e-4,378,n.s.
Yayoi,mlp2,Fukahori_15,1,38,-0.1200000000000001,-0.21052631578947373,0.6403459680112166,grubbs,0.8898050450998202,0.8542658114756636,3.4965034965034965e-4,692,n.s.,2.2831050228310504e-4,616,n.s.
Yayoi,mlp2,Fukahori_15,2,38,0.4299999999999997,-0.21052631578947373,0.6403459680112166,grubbs,0.32384698497244013,0.5092875358138851,8.156606851549755e-5,222,n.s.,1.0204081632653062e-4,345,n.s.
Yayoi,mlp2,Fukahori_16,1,38,0.11999999999999922,-0.21052631578947373,0.6403459680112166,grubbs,0.6123832394535906,0.8542658114756647,1.2165450121654502e-4,424,n.s.,2.2935779816513763e-4,617,n.s.
Yayoi,mlp2,Fukahori_16,2,38,-0.28000000000000025,-0.21052631578947373,0.6403459680112166,grubbs,0.9153251650583594,0.6679137677999383,5.102040816326531e-4,737,n.s.,1.3020833333333333e-4,451,n.s.
Yayoi,mlp2,Fukahori_17,1,38,-0.28000000000000025,-0.21052631578947373,0.6403459680112166,grubbs,0.9153251650583594,0.6679137677999383,5.05050505050505e-4,736,n.s.,1.2987012987012987e-4,450,n.s.
Yayoi,mlp2,Fukahori_17,2,38,-0.3899999999999997,-0.21052631578947373,0.6403459680112166,grubbs,0.7834787299224374,0.5496749736542783,1.805054151624549e-4,558,n.s.,1.0822510822510823e-4,373,n.s.
Yayoi,mlp2,Fukahori_2002-11,1,38,-0.1999999999999993,-0.21052631578947373,0.6403459680112166,grubbs,0.9871478062240937,0.759411790510043,0.002272727272727273,813,n.s.,1.5527950310559007e-4,513,n.s.
Yayoi,mlp2,Fukahori_2002-11,2,38,-0.1200000000000001,-0.21052631578947373,0.6403459680112166,grubbs,0.8898050450998202,0.8542658114756636,3.4722222222222224e-4,691,n.s.,2.2727272727272727e-4,615,n.s.
Yayoi,mlp2,Fukahori_2002-8-A,1,38,-0.20000000000000018,-0.21052631578947373,0.6403459680112166,grubbs,0.9871478062240948,0.7594117905100419,0.002380952380952381,814,n.s.,1.5479876160990713e-4,512,n.s.
Yayoi,mlp2,Fukahori_2002-8-A,2,38,-0.33999999999999986,-0.21052631578947373,0.6403459680112166,grubbs,0.8428990874484922,0.6021932595492336,2.5e-4,635,n.s.,1.1494252873563219e-4,400,n.s.
Yayoi,mlp2,Fukahori_4,1,38,0.14000000000000057,-0.21052631578947373,0.6403459680112166,grubbs,0.5909579741316917,0.8303062369146678,1.1764705882352942e-4,410,n.s.,1.9607843137254904e-4,580,n.s.
Yayoi,mlp2,Fukahori_4,2,38,0.08999999999999986,-0.21052631578947373,0.6403459680112166,grubbs,0.6451219205099405,0.8904418217075043,1.272264631043257e-4,442,n.s.,3.0120481927710846e-4,669,n.s.
Yayoi,mlp2,Fukahori_6,1,38,0.20999999999999996,-0.21052631578947373,0.6403459680112166,grubbs,0.5187162688850163,0.7477658713148643,1.0482180293501049e-4,358,n.s.,1.5105740181268882e-4,504,n.s.
Yayoi,mlp2,Fukahori_6,2,38,-0.16000000000000014,-0.21052631578947373,0.6403459680112166,grubbs,0.9383658701053763,0.8064971746565658,6.25e-4,755,n.s.,1.8181818181818183e-4,560,n.s.
Yayoi,mlp2,Fukahori_8,1,38,-0.5700000000000003,-0.21052631578947373,0.6403459680112166,grubbs,0.5814814290251678,0.3806178566187137,1.1574074074074075e-4,403,n.s.,8.605851979345956e-5,254,n.s.
Yayoi,mlp2,Fukahori_8,2,38,-0.040000000000000036,-0.21052631578947373,0.6403459680112166,grubbs,0.7940334637700204,0.9511888996117066,1.851851851851852e-4,565,n.s.,5.952380952380953e-4,751,n.s.
Yayoi,mlp2,Miyanomoto_2,1,38,-0.46999999999999975,-0.21052631578947373,0.6403459680112166,grubbs,0.6910034435379688,0.4704490099757833,1.3812154696132598e-4,473,n.s.,9.784735812133073e-5,324,n.s.
Yayoi,mlp2,Miyanomoto_2,2,38,-0.7599999999999998,-0.21052631578947373,0.6403459680112166,grubbs,0.39817979714422946,0.24049237666290063,8.726003490401397e-5,262,n.s.,7.621951219512195e-5,179,n.s.
Yayoi,mlp2,Miyanomoto_21,1,38,-1.3499999999999996,-0.21052631578947373,0.6403459680112166,grubbs,0.0749356456617213,0.033264253039699966,6.729475100942127e-5,92,n.s.,6.693440428380188e-5,88,n.s.
Yayoi,mlp2,Miyanomoto_21,2,38,-0.7200000000000006,-0.21052631578947373,0.6403459680112166,grubbs,0.4337179581305195,0.2666029263824757,9.25925925925926e-5,295,n.s.,7.680491551459293e-5,184,n.s.
Yayoi,mlp2,miyanomoto_23,1,38,0.07000000000000028,-0.21052631578947373,0.6403459680112166,grubbs,0.6673255634203697,0.914686032502354,1.3262599469496023e-4,458,n.s.,3.6496350364963507e-4,698,n.s.
Yayoi,mlp2,miyanomoto_23,2,38,0.14999999999999947,-0.21052631578947373,0.6403459680112166,grubbs,0.5803710421097821,0.8183816067773664,1.1547344110854505e-4,402,n.s.,1.9011406844106465e-4,572,n.s.
Yayoi,mlp2,Miyanomoto_27,1,38,0.03000000000000025,-0.21052631578947373,0.6403459680112166,grubbs,0.7125653008775323,0.9633820753824491,1.4409221902017292e-4,488,n.s.,8.474576271186442e-4,776,n.s.
Yayoi,mlp2,Miyanomoto_27,2,38,-0.08000000000000007,-0.21052631578947373,0.6403459680112166,grubbs,0.8416380117369471,0.9025530226538833,2.4752475247524753e-4,633,n.s.,3.448275862068966e-4,690,n.s.
Yayoi,mlp2,Miyanomoto_33,1,38,0,-0.21052631578947373,0.6403459680112166,grubbs,0.7471544309530598,1,1.6286644951140066e-4,528,n.s.,0.0029411764705882353,818,n.s.
Yayoi,mlp2,Miyanomoto_33,2,38,0.16999999999999993,-0.21052631578947373,0.6403459680112166,grubbs,0.5594573274886793,0.7946554793147677,1.1160714285714287e-4,387,n.s.,1.6722408026755855e-4,536,n.s.
Yayoi,mlp2,Miyanomoto_35,1,38,-3.3600000000000003,-0.21052631578947373,0.6403459680112166,grubbs,1.4473437360318583e-9,8.914830576490704e-12,6.25e-5,35,*,6.28140703517588e-5,39,*
Yayoi,mlp2,Miyanomoto_35,2,38,-0.04999999999999982,-0.21052631578947373,0.6403459680112166,grubbs,0.8058728399829193,0.9390066840203121,1.9685039370078743e-4,581,n.s.,4.62962962962963e-4,727,n.s.
Yayoi,mlp2,Miyanomoto_6,1,38,0.33999999999999986,-0.21052631578947373,0.6403459680112166,grubbs,0.39726795165872986,0.6021932595492336,8.695652173913044e-5,260,n.s.,1.1467889908256881e-4,399,n.s.
Yayoi,mlp2,Miyanomoto_6,2,38,-0.21999999999999975,-0.21052631578947373,0.6403459680112166,grubbs,0.9884329343659809,0.7361749507886552,0.003125,819,n.s.,1.4492753623188405e-4,490,n.s.
Yayoi,mlp2,miyanomoto_9,1,38,-0.2600000000000007,-0.21052631578947373,0.6403459680112166,grubbs,0.9396475358517591,0.6904078311500755,6.578947368421052e-4,759,n.s.,1.3440860215053763e-4,463,n.s.
Yayoi,mlp2,miyanomoto_9,2,38,-0.019999999999999574,-0.21052631578947373,0.6403459680112166,grubbs,0.7704933339930962,0.9755834773997645,1.7006802721088437e-4,541,n.s.,0.0013513513513513514,798,n.s.
Yayoi,mlp2,Okinoharu_12,1,38,-0.2999999999999998,-0.21052631578947373,0.6403459680112166,grubbs,0.8910786661601766,0.6457024585033315,3.5714285714285714e-4,695,n.s.,1.2285012285012285e-4,428,n.s.
Yayoi,mlp2,Okinoharu_12,2,38,-0.020000000000000462,-0.21052631578947373,0.6403459680112166,grubbs,0.7704933339930973,0.9755834773997634,1.7064846416382253e-4,542,n.s.,0.0013157894736842105,797,n.s.
Yayoi,xbc,Fukahori_19,1,16,0.14999999999999947,0.011250000000000093,0.18557568087800017,dixon,0.02599346388477086,0.02599346388477086,6.51890482398957e-5,68,n.s.,6.57030223390276e-5,74,n.s.
Yayoi,xbc,Fukahori_19,2,16,-0.07000000000000028,0.011250000000000093,0.18557568087800017,dixon,0.35438100082355706,0.35438100082355706,8.291873963515754e-5,232,n.s.,8.278145695364238e-5,231,n.s.
Yayoi,xbc,Fukahori_2002-10,1,16,0.010000000000000675,0.011250000000000093,0.18557568087800017,dixon,0.35438100082355706,0.02599346388477086,8.305647840531562e-5,233,n.s.,6.631299734748011e-5,81,n.s.
Yayoi,xbc,Fukahori_2002-10,2,16,0.07000000000000028,0.011250000000000093,0.18557568087800017,dixon,0.02599346388477086,0.02599346388477086,6.544502617801048e-5,71,n.s.,6.596306068601583e-5,77,n.s.
Yayoi,xbc,Fukahori_2002-8-A,1,16,0.05999999999999872,0.011250000000000093,0.18557568087800017,dixon,0.02599346388477086,0.02599346388477086,6.527415143603133e-5,69,n.s.,6.578947368421052e-5,75,n.s.
Yayoi,xbc,Fukahori_2002-8-A,2,16,0.5600000000000005,0.011250000000000093,0.18557568087800017,dixon,0.02599346388477086,0.02599346388477086,6.535947712418301e-5,70,n.s.,6.587615283267458e-5,76,n.s.
Yayoi,xbc,Fukahori_4,1,16,0.009999999999999787,0.011250000000000093,0.18557568087800017,dixon,0.35438100082355706,0.02599346388477086,8.319467554076539e-5,234,n.s.,6.640106241699867e-5,82,n.s.
Yayoi,xbc,Fukahori_4,2,16,-0.16000000000000014,0.011250000000000093,0.18557568087800017,dixon,0.35438100082355706,0.35438100082355706,8.333333333333334e-5,235,n.s.,8.291873963515754e-5,232,n.s.
Yayoi,xbc,Fukahori_8,1,16,0.040000000000000036,0.011250000000000093,0.18557568087800017,dixon,0.02599346388477086,0.02599346388477086,6.55307994757536e-5,72,n.s.,6.605019815059445e-5,78,n.s.
Yayoi,xbc,Fukahori_8,2,16,-0.22999999999999954,0.011250000000000093,0.18557568087800017,dixon,0.35438100082355706,0.35438100082355706,8.347245409015025e-5,236,n.s.,8.305647840531562e-5,233,n.s.
Yayoi,xbc,miyanomoto_20,1,16,0.13000000000000078,0.011250000000000093,0.18557568087800017,dixon,0.02599346388477086,0.02599346388477086,6.561679790026247e-5,73,n.s.,6.613756613756614e-5,79,n.s.
Yayoi,xbc,miyanomoto_20,2,16,-0.049999999999998934,0.011250000000000093,0.18557568087800017,dixon,0.35438100082355706,0.35438100082355706,8.389261744966444e-5,239,n.s.,8.333333333333334e-5,235,n.s.
Yayoi,xbc,Miyanomoto_21,1,16,-0.17999999999999972,0.011250000000000093,0.18557568087800017,dixon,0.35438100082355706,0.35438100082355706,8.361204013377927e-5,237,n.s.,8.319467554076539e-5,234,n.s.
Yayoi,xbc,Miyanomoto_21,2,16,0,0.011250000000000093,0.18557568087800017,dixon,0.35438100082355706,0.02599346388477086,8.375209380234506e-5,238,n.s.,6.648936170212766e-5,83,n.s.
Yayoi,xbc,miyanomoto_24,1,16,0.03000000000000025,0.011250000000000093,0.18557568087800017,dixon,0.02599346388477086,0.02599346388477086,6.57030223390276e-5,74,n.s.,6.622516556291391e-5,80,n.s.
Yayoi,xbc,miyanomoto_24,2,16,-0.1900000000000004,0.011250000000000093,0.18557568087800017,dixon,0.35438100082355706,0.35438100082355706,8.403361344537815e-5,240,n.s.,8.347245409015025e-5,236,n.s.
Yayoi,xbi1,Fukahori_13,1,26,-0.14999999999999947,0.03461538461538463,0.1701582973405826,grubbs,0.2870433149243073,0.38884679353105356,7.8125e-5,195,n.s.,8.665511265164645e-5,258,n.s.
Yayoi,xbi1,Fukahori_13,2,26,0.16000000000000014,0.03461538461538463,0.1701582973405826,grubbs,0.4723203815247148,0.3575234114196013,9.652509652509652e-5,317,n.s.,8.417508417508418e-5,241,n.s.
Yayoi,xbi1,Fukahori_15,1,26,0.16000000000000014,0.03461538461538463,0.1701582973405826,grubbs,0.4723203815247148,0.3575234114196013,9.633911368015414e-5,316,n.s.,8.403361344537815e-5,240,n.s.
Yayoi,xbi1,Fukahori_15,2,26,-0.009999999999999787,0.03461538461538463,0.1701582973405826,grubbs,0.799027374743554,0.9545194031800148,1.893939393939394e-4,571,n.s.,7.142857142857143e-4,765,n.s.
Yayoi,xbi1,Fukahori_16,1,26,-0.05999999999999961,0.03461538461538463,0.1701582973405826,grubbs,0.5884040534214268,0.731916009222203,1.1682242990654206e-4,407,n.s.,1.4367816091954023e-4,487,n.s.
Yayoi,xbi1,Fukahori_16,2,26,0.29000000000000004,0.03461538461538463,0.1701582973405826,grubbs,0.1366575068011029,0.0888919847888338,7.299270072992701e-5,150,n.s.,6.954102920723227e-5,116,n.s.
Yayoi,xbi1,Fukahori_17,1,26,0.2400000000000002,0.03461538461538463,0.1701582973405826,grubbs,0.23498714933112466,0.1630048594625596,7.645259938837921e-5,181,n.s.,7.418397626112761e-5,161,n.s.
Yayoi,xbi1,Fukahori_17,2,26,-0.08999999999999986,0.03461538461538463,0.1701582973405826,grubbs,0.4750696183794496,0.6068247674090144,9.746588693957116e-5,322,n.s.,1.1655011655011655e-4,406,n.s.
Yayoi,xbi1,Fukahori_19,1,26,-0.03000000000000025,0.03461538461538463,0.1701582973405826,grubbs,0.7121290853297918,0.864112981041455,1.4326647564469916e-4,486,n.s.,2.4390243902439027e-4,630,n.s.
Yayoi,xbi1,Fukahori_19,2,26,-0.23000000000000043,0.03461538461538463,0.1701582973405826,grubbs,0.12241513744550875,0.18195198727186507,7.215007215007215e-5,142,n.s.,7.451564828614009e-5,164,n.s.
Yayoi,xbi1,Fukahori_2002-10,1,26,0.34999999999999964,0.03461538461538463,0.1701582973405826,grubbs,0.06283345867773886,0.037339082605703566,6.693440428380188e-5,88,n.s.,6.711409395973155e-5,90,n.s.
Yayoi,xbi1,Fukahori_2002-10,2,26,-0.07000000000000028,0.03461538461538463,0.1701582973405826,grubbs,0.5493527577510403,0.6892735666062986,1.1061946902654868e-4,383,n.s.,1.3404825737265417e-4,462,n.s.
Yayoi,xbi1,Fukahori_2002-8-A,1,26,-0.04999999999999982,0.03461538461538463,0.1701582973405826,grubbs,0.6286159218224915,0.7753523021804836,1.25e-4,435,n.s.,1.5822784810126583e-4,519,n.s.
Yayoi,xbi1,Fukahori_2002-8-A,2,26,0.05999999999999961,0.03461538461538463,0.1701582973405826,grubbs,0.8848690270281956,0.731916009222203,3.3557046979865775e-4,686,n.s.,1.4409221902017292e-4,488,n.s.
Yayoi,xbi1,Fukahori_4,1,26,0.009999999999999787,0.03461538461538463,0.1701582973405826,grubbs,0.8883359830055562,0.9545194031800148,3.4013605442176874e-4,688,n.s.,7.352941176470588e-4,767,n.s.
Yayoi,xbi1,Fukahori_4,2,26,0.25,0.03461538461538463,0.1701582973405826,grubbs,0.21232484304893512,0.1455011676843551,7.541478129713424e-5,172,n.s.,7.374631268436578e-5,157,n.s.
Yayoi,xbi1,Fukahori_6,1,26,-0.16000000000000014,0.03461538461538463,0.1701582973405826,grubbs,0.26113331463210077,0.3575234114196013,7.716049382716049e-5,187,n.s.,8.389261744966444e-5,239,n.s.
Yayoi,xbi1,Fukahori_6,2,26,0.34999999999999964,0.03461538461538463,0.1701582973405826,grubbs,0.06283345867773886,0.037339082605703566,6.702412868632708e-5,89,n.s.,6.720430107526882e-5,91,n.s.
Yayoi,xbi1,miyanomoto_14,1,26,-0.15999999999999925,0.03461538461538463,0.1701582973405826,grubbs,0.2611333146321029,0.35752341141960386,7.727975270479135e-5,188,n.s.,8.431703204047218e-5,242,n.s.
Yayoi,xbi1,miyanomoto_14,2,26,0.23999999999999932,0.03461538461538463,0.1701582973405826,grubbs,0.2349871493311264,0.16300485946256138,7.656967840735069e-5,182,n.s.,7.429420505200595e-5,162,n.s.
Yayoi,xbi1,Miyanomoto_18,1,26,-0.040000000000000036,0.03461538461538463,0.1701582973405826,grubbs,0.6698924100104168,0.8194604678977851,1.3404825737265417e-4,462,n.s.,1.9083969465648855e-4,573,n.s.
Yayoi,xbi1,Miyanomoto_18,2,26,-0.009999999999999787,0.03461538461538463,0.1701582973405826,grubbs,0.799027374743554,0.9545194031800148,1.9011406844106465e-4,572,n.s.,7.246376811594203e-4,766,n.s.
Yayoi,xbi1,Miyanomoto_35,1,26,-0.03000000000000025,0.03461538461538463,0.1701582973405826,grubbs,0.7121290853297918,0.864112981041455,1.4367816091954023e-4,487,n.s.,2.4509803921568627e-4,631,n.s.
Yayoi,xbi1,Miyanomoto_35,2,26,0.10000000000000053,0.03461538461538463,0.1701582973405826,grubbs,0.7088485291953345,0.5672264668077013,1.4245014245014247e-4,484,n.s.,1.0989010989010989e-4,380,n.s.
Yayoi,xbi1,miyanomoto_36,1,26,-0.040000000000000036,0.03461538461538463,0.1701582973405826,grubbs,0.6698924100104168,0.8194604678977851,1.3440860215053763e-4,463,n.s.,1.9157088122605365e-4,574,n.s.
Yayoi,xbi1,miyanomoto_36,2,26,-0.17999999999999972,0.03461538461538463,0.1701582973405826,grubbs,0.21401333154618501,0.2995333963600298,7.564296520423601e-5,174,n.s.,7.987220447284345e-5,209,n.s.
Yayoi,xbi2,Fukahori_11,1,28,0.4299999999999997,0.03928571428571418,0.1571488695338506,grubbs,0.010309872656177565,0.0041864111687089384,6.426735218508998e-5,57,n.s.,6.443298969072165e-5,59,n.s.
Yayoi,xbi2,Fukahori_11,2,28,0.15000000000000036,0.03928571428571418,0.1571488695338506,grubbs,0.49134970044131987,0.34939584694007964,1.0121457489878543e-4,341,n.s.,8.223684210526316e-5,227,n.s.
Yayoi,xbi2,Fukahori_16,1,28,0.1299999999999999,0.03928571428571418,0.1571488695338506,grubbs,0.5734020575698648,0.4183016754103023,1.1363636363636364e-4,395,n.s.,9.074410163339384e-5,284,n.s.
Yayoi,xbi2,Fukahori_16,2,28,0.25,0.03928571428571418,0.1571488695338506,grubbs,0.18515695356786027,0.11347775374737502,7.451564828614009e-5,164,n.s.,7.204610951008646e-5,141,n.s.
Yayoi,xbi2,Fukahori_17,1,28,-0.020000000000000462,0.03928571428571418,0.1571488695338506,grubbs,0.7133450789415041,0.9014766350202554,1.4450867052023122e-4,489,n.s.,3.3557046979865775e-4,686,n.s.
Yayoi,xbi2,Fukahori_17,2,28,0.3199999999999994,0.03928571428571418,0.1571488695338506,grubbs,0.07372443295482439,0.03962851468668265,6.711409395973155e-5,90,n.s.,6.729475100942127e-5,92,n.s.
Yayoi,xbi2,Fukahori_19,1,28,0.0600000000000005,0.03928571428571418,0.1571488695338506,grubbs,0.8979758212731866,0.7100384231013477,3.9370078740157485e-4,708,n.s.,1.4124293785310735e-4,481,n.s.
Yayoi,xbi2,Fukahori_19,2,28,-0.010000000000000675,0.03928571428571418,0.1571488695338506,grubbs,0.7601486197492551,0.9506491380367202,1.666666666666667e-4,535,n.s.,5.813953488372093e-4,749,n.s.
Yayoi,xbi2,Fukahori_4,1,28,0.009999999999999787,0.03928571428571418,0.1571488695338506,grubbs,0.8561305487654853,0.9506491380367246,2.747252747252747e-4,653,n.s.,5.882352941176471e-4,750,n.s.
Yayoi,xbi2,Fukahori_4,2,28,0.020000000000000462,0.03928571428571418,0.1571488695338506,grubbs,0.9049792611521158,0.9014766350202554,4.237288135593221e-4,717,n.s.,3.4013605442176874e-4,688,n.s.
Yayoi,xbi2,Fukahori_6,1,28,-0.10000000000000053,0.03928571428571418,0.1571488695338506,grubbs,0.3854175365790248,0.5345528949742404,8.59106529209622e-5,253,n.s.,1.0593220338983052e-4,363,n.s.
Yayoi,xbi2,Fukahori_6,2,28,-0.27000000000000046,0.03928571428571418,0.1571488695338506,grubbs,0.047325144364009634,0.0861330623866808,6.648936170212766e-5,83,n.s.,6.944444444444444e-5,115,n.s.
Yayoi,xbi2,miyanomoto_14,1,28,0.02999999999999936,0.03928571428571418,0.1571488695338506,grubbs,0.9541703911407018,0.8526590651463403,8.928571428571429e-4,779,n.s.,2.2624434389140272e-4,614,n.s.
Yayoi,xbi2,miyanomoto_14,2,28,-0.03000000000000025,0.03928571428571418,0.1571488695338506,grubbs,0.6675401495436986,0.8526590651463359,1.3297872340425532e-4,459,n.s.,2.2522522522522523e-4,613,n.s.
Yayoi,xbi2,Miyanomoto_18,1,28,0.020000000000000462,0.03928571428571418,0.1571488695338506,grubbs,0.9049792611521158,0.9014766350202554,4.2735042735042735e-4,718,n.s.,3.4246575342465754e-4,689,n.s.
Yayoi,xbi2,Miyanomoto_18,2,28,0,0.03928571428571418,0.1571488695338506,grubbs,0.8077975962765831,1,1.976284584980237e-4,582,n.s.,0.003125,819,n.s.
Yayoi,xbi2,miyanomoto_20,1,28,0.10000000000000053,0.03928571428571418,0.1571488695338506,grubbs,0.7067369203747399,0.5345528949742404,1.4204545454545457e-4,483,n.s.,1.0615711252653928e-4,364,n.s.
Yayoi,xbi2,miyanomoto_20,2,28,-0.020000000000000462,0.03928571428571418,0.1571488695338506,grubbs,0.7133450789415041,0.9014766350202554,1.4492753623188405e-4,490,n.s.,3.3783783783783786e-4,687,n.s.
Yayoi,xbi2,Miyanomoto_21,1,28,-0.16999999999999993,0.03928571428571418,0.1571488695338506,grubbs,0.18825189428592004,0.2877916592205535,7.48502994011976e-5,167,n.s.,7.7399380804953565e-05,189,n.s.
Yayoi,xbi2,Miyanomoto_21,2,28,-0.17999999999999972,0.03928571428571418,0.1571488695338506,grubbs,0.16733274526790348,0.25976946790291155,7.407407407407407e-5,160,n.s.,7.656967840735069e-5,182,n.s.
Yayoi,xbi2,miyanomoto_23,1,28,0,0.03928571428571418,0.1571488695338506,grubbs,0.8077975962765831,1,1.984126984126984e-4,583,n.s.,0.0033333333333333335,820,n.s.
Yayoi,xbi2,miyanomoto_23,2,28,0.1200000000000001,0.03928571428571418,0.1571488695338506,grubbs,0.6165980227076535,0.45539702520778,1.2254901960784314e-4,427,n.s.,9.578544061302682e-5,313,n.s.
Yayoi,xbi2,Miyanomoto_35,1,28,0.33999999999999986,0.03928571428571418,0.1571488695338506,grubbs,0.05429972628945109,0.027957503129831657,6.675567423230975e-5,86,n.s.,6.684491978609626e-5,87,n.s.
Yayoi,xbi2,Miyanomoto_35,2,28,-0.08999999999999986,0.03928571428571418,0.1571488695338506,grubbs,0.4208941399140045,0.5764420128413079,9.124087591240877e-5,287,n.s.,1.1160714285714287e-4,387,n.s.
Yayoi,xbi2,miyanomoto_36,1,28,0.08000000000000007,0.03928571428571418,0.1571488695338506,grubbs,0.8009448772229328,0.619734394163394,1.9083969465648855e-4,573,n.s.,1.1961722488038278e-4,417,n.s.
Yayoi,xbi2,miyanomoto_36,2,28,-0.08000000000000007,0.03928571428571418,0.1571488695338506,grubbs,0.45811187413399,0.619734394163394,9.541984732824427e-5,311,n.s.,1.1933174224343676e-4,416,n.s.
Yayoi,xbi2,miyanomoto_9,1,28,-0.0600000000000005,0.03928571428571418,0.1571488695338506,grubbs,0.5374960888244475,0.7100384231013477,1.091703056768559e-4,377,n.s.,1.4084507042253522e-4,480,n.s.
Yayoi,xbi2,miyanomoto_9,2,28,0.0699999999999994,0.03928571428571418,0.1571488695338506,grubbs,0.8491902774502924,0.6643104365401593,2.631578947368421e-4,645,n.s.,1.2919896640826875e-4,448,n.s.
Yayoi,xbm1,Fukahori_15,1,22,-0.009999999999999787,-0.0445454545454544,0.1505142699365926,dixon,0.10226862258742972,0.4159601532309209,7.02247191011236e-5,123,n.s.,8.880994671403198e-5,272,n.s.
Yayoi,xbm1,Fukahori_15,2,22,-0.02999999999999936,-0.0445454545454544,0.1505142699365926,dixon,0.10226862258742972,0.4159601532309209,7.032348804500703e-5,124,n.s.,8.896797153024912e-5,273,n.s.
Yayoi,xbm1,Fukahori_2002-8-A,1,22,0,-0.0445454545454544,0.1505142699365926,dixon,0.10226862258742972,0.10226862258742972,7.00280112044818e-5,121,n.s.,7.062146892655367e-5,127,n.s.
Yayoi,xbm1,Fukahori_2002-8-A,2,22,0.019999999999999574,-0.0445454545454544,0.1505142699365926,dixon,0.10226862258742972,0.10226862258742972,7.012622720897616e-5,122,n.s.,7.072135785007073e-5,128,n.s.
Yayoi,xbm1,Fukahori_4,1,22,-0.13000000000000078,-0.0445454545454544,0.1505142699365926,dixon,0.4159601532309209,0.4159601532309209,8.818342151675486e-5,268,n.s.,8.94454382826476e-5,276,n.s.
Yayoi,xbm1,Fukahori_4,2,22,-0.1899999999999995,-0.0445454545454544,0.1505142699365926,dixon,0.4159601532309209,0.4159601532309209,8.8339222614841e-5,269,n.s.,8.960573476702509e-5,277,n.s.
Yayoi,xbm1,Fukahori_8,1,22,-0.14000000000000057,-0.0445454545454544,0.1505142699365926,dixon,0.4159601532309209,0.4159601532309209,8.865248226950355e-5,271,n.s.,8.992805755395684e-5,279,n.s.
Yayoi,xbm1,Fukahori_8,2,22,-0.22999999999999865,-0.0445454545454544,0.1505142699365926,dixon,0.4159601532309209,0.4159601532309209,8.880994671403198e-5,272,n.s.,9.009009009009009e-5,280,n.s.
Yayoi,xbm1,Fukahori_9,1,22,0,-0.0445454545454544,0.1505142699365926,dixon,0.10226862258742972,0.10226862258742972,7.062146892655367e-5,127,n.s.,7.102272727272728e-5,131,n.s.
Yayoi,xbm1,Fukahori_9,2,22,0,-0.0445454545454544,0.1505142699365926,dixon,0.10226862258742972,0.10226862258742972,7.072135785007073e-5,128,n.s.,7.112375533428166e-5,132,n.s.
Yayoi,xbm1,Fukahori_Takahoko,1,22,0.02000000000000135,-0.0445454545454544,0.1505142699365926,dixon,0.10226862258742972,0.10226862258742972,7.042253521126761e-5,125,n.s.,7.08215297450425e-5,129,n.s.
Yayoi,xbm1,Fukahori_Takahoko,2,22,-0.08000000000000007,-0.0445454545454544,0.1505142699365926,dixon,0.4159601532309209,0.4159601532309209,8.802816901408451e-5,267,n.s.,8.928571428571429e-5,275,n.s.
Yayoi,xbm1,miyanomoto_14,1,22,0.009999999999999787,-0.0445454545454544,0.1505142699365926,dixon,0.10226862258742972,0.10226862258742972,7.08215297450425e-5,129,n.s.,7.122507122507123e-5,133,n.s.
Yayoi,xbm1,miyanomoto_14,2,22,0.08999999999999986,-0.0445454545454544,0.1505142699365926,dixon,0.10226862258742972,0.10226862258742972,7.092198581560284e-5,130,n.s.,7.132667617689016e-5,134,n.s.
Yayoi,xbm1,miyanomoto_20,1,22,-0.3800000000000008,-0.0445454545454544,0.1505142699365926,dixon,0.4159601532309209,0.4159601532309209,8.912655971479502e-5,274,n.s.,9.041591320072333e-5,282,n.s.
Yayoi,xbm1,miyanomoto_20,2,22,-0.03999999999999915,-0.0445454545454544,0.1505142699365926,dixon,0.10226862258742972,0.4159601532309209,7.132667617689016e-5,134,n.s.,8.912655971479502e-5,274,n.s.
Yayoi,xbm1,miyanomoto_23,1,22,0.02000000000000135,-0.0445454545454544,0.1505142699365926,dixon,0.10226862258742972,0.10226862258742972,7.102272727272728e-5,131,n.s.,7.142857142857143e-5,135,n.s.
Yayoi,xbm1,miyanomoto_23,2,22,0.10999999999999943,-0.0445454545454544,0.1505142699365926,dixon,0.10226862258742972,0.10226862258742972,7.112375533428166e-5,132,n.s.,7.15307582260372e-5,136,n.s.
Yayoi,xbm1,miyanomoto_36,1,22,-0.14000000000000057,-0.0445454545454544,0.1505142699365926,dixon,0.4159601532309209,0.4159601532309209,8.896797153024912e-5,273,n.s.,9.025270758122745e-5,281,n.s.
Yayoi,xbm1,miyanomoto_36,2,22,0.08000000000000007,-0.0445454545454544,0.1505142699365926,dixon,0.10226862258742972,0.10226862258742972,7.122507122507123e-5,133,n.s.,7.163323782234958e-5,137,n.s.
Yayoi,xbm1,Okinoharu_12,1,22,-0.28999999999999915,-0.0445454545454544,0.1505142699365926,dixon,0.4159601532309209,0.4159601532309209,8.849557522123894e-5,270,n.s.,8.976660682226212e-5,278,n.s.
Yayoi,xbm1,Okinoharu_12,2,22,0.33000000000000007,-0.0445454545454544,0.1505142699365926,dixon,0.10226862258742972,0.10226862258742972,7.052186177715093e-5,126,n.s.,7.092198581560284e-5,130,n.s.
Yayoi,xbm2,Fukahori_15,1,16,0.3200000000000003,-0.015625000000000222,0.24568187424662297,dixon,0.2955482718052371,0.2955482718052371,7.92393026941363e-5,204,n.s.,7.886435331230284e-5,201,n.s.
Yayoi,xbm2,Fukahori_15,2,16,-0.15000000000000036,-0.015625000000000222,0.24568187424662297,dixon,0.9519553114779943,0.9519553114779943,7.692307692307692e-4,770,n.s.,6.172839506172839e-4,754,n.s.
Yayoi,xbm2,Fukahori_2002-8-A,1,16,-0.25,-0.015625000000000222,0.24568187424662297,dixon,0.9519553114779943,0.9519553114779943,7.575757575757576e-4,769,n.s.,6.097560975609756e-4,753,n.s.
Yayoi,xbm2,Fukahori_2002-8-A,2,16,0.1399999999999988,-0.015625000000000222,0.24568187424662297,dixon,0.2955482718052371,0.2955482718052371,7.911392405063291e-5,203,n.s.,7.874015748031497e-5,200,n.s.
Yayoi,xbm2,Fukahori_8,1,16,-0.009999999999999787,-0.015625000000000222,0.24568187424662297,dixon,0.2955482718052371,0.9519553114779943,7.936507936507937e-5,205,n.s.,6.024096385542169e-4,752,n.s.
Yayoi,xbm2,Fukahori_8,2,16,-0.07000000000000028,-0.015625000000000222,0.24568187424662297,dixon,0.9519553114779943,0.9519553114779943,7.8125e-4,771,n.s.,6.25e-4,755,n.s.
Yayoi,xbm2,miyanomoto_14,1,16,0.120000000000001,-0.015625000000000222,0.24568187424662297,dixon,0.2955482718052371,0.2955482718052371,7.94912559618442e-5,206,n.s.,7.898894154818326e-5,202,n.s.
Yayoi,xbm2,miyanomoto_14,2,16,0.40000000000000036,-0.015625000000000222,0.24568187424662297,dixon,0.2955482718052371,0.2955482718052371,7.961783439490447e-5,207,n.s.,7.911392405063291e-5,203,n.s.
Yayoi,xbm2,miyanomoto_20,1,16,0.23000000000000043,-0.015625000000000222,0.24568187424662297,dixon,0.2955482718052371,0.2955482718052371,7.987220447284345e-5,209,n.s.,7.936507936507937e-5,205,n.s.
Yayoi,xbm2,miyanomoto_20,2,16,0.11999999999999922,-0.015625000000000222,0.24568187424662297,dixon,0.2955482718052371,0.2955482718052371,8e-5,210,n.s.,7.94912559618442e-5,206,n.s.
Yayoi,xbm2,miyanomoto_23,1,16,-0.02999999999999936,-0.015625000000000222,0.24568187424662297,dixon,0.9519553114779943,0.9519553114779943,8.19672131147541e-4,774,n.s.,0.00064935064935064935,758,n.s.
Yayoi,xbm2,miyanomoto_23,2,16,0.10999999999999943,-0.015625000000000222,0.24568187424662297,dixon,0.2955482718052371,0.2955482718052371,7.974481658692185e-5,208,n.s.,7.92393026941363e-5,204,n.s.
Yayoi,xbm2,Miyanomoto_35,1,16,-0.23000000000000043,-0.015625000000000222,0.24568187424662297,dixon,0.9519553114779943,0.9519553114779943,7.936507936507937e-4,772,n.s.,6.329113924050633e-4,756,n.s.
Yayoi,xbm2,Miyanomoto_35,2,16,-0.20000000000000107,-0.015625000000000222,0.24568187424662297,dixon,0.9519553114779943,0.9519553114779943,8.064516129032258e-4,773,n.s.,6.41025641025641e-4,757,n.s.
Yayoi,xbm2,miyanomoto_36,1,16,-0.5600000000000005,-0.015625000000000222,0.24568187424662297,dixon,0.9519553114779943,0.9519553114779943,8.333333333333334e-4,775,n.s.,6.578947368421052e-4,759,n.s.
Yayoi,xbm2,miyanomoto_36,2,16,-0.19000000000000128,-0.015625000000000222,0.24568187424662297,dixon,0.9519553114779943,0.9519553114779943,8.474576271186442e-4,776,n.s.,6.666666666666668e-4,760,n.s.
Yayoi,xbp1,Fukahori_11,1,28,0.08999999999999986,0.03857142857142864,0.14933715981492116,grubbs,0.7374130271689299,0.556539699197721,1.5576323987538941e-4,514,n.s.,1.0893246187363835e-4,376,n.s.
Yayoi,xbp1,Fukahori_11,2,28,0.16999999999999993,0.03857142857142864,0.14933715981492116,grubbs,0.38882347503104064,0.26278149609673973,8.635578583765113e-5,256,n.s.,7.668711656441718e-5,183,n.s.
Yayoi,xbp1,Fukahori_16,1,28,-0.07000000000000028,0.03857142857142864,0.14933715981492116,grubbs,0.4774900684129758,0.6478473850454409,9.803921568627452e-5,325,n.s.,1.2376237623762376e-4,431,n.s.
Yayoi,xbp1,Fukahori_16,2,28,0.5400000000000009,0.03857142857142864,0.14933715981492116,grubbs,2.3291691471332738e-4,4.8172247048883696e-5,6.321112515802781e-5,44,n.s.,6.34517766497462e-5,47,*
Yayoi,xbp1,Fukahori_17,1,28,0.08999999999999986,0.03857142857142864,0.14933715981492116,grubbs,0.7374130271689299,0.556539699197721,1.5527950310559007e-4,513,n.s.,1.0869565217391305e-4,375,n.s.
Yayoi,xbp1,Fukahori_17,2,28,-0.009999999999999787,0.03857142857142864,0.14933715981492116,grubbs,0.7515324658958137,0.9480709962342511,1.644736842105263e-4,531,n.s.,5.555555555555556e-4,745,n.s.
Yayoi,xbp1,Fukahori_19,1,28,-0.019999999999999574,0.03857142857142864,0.14933715981492116,grubbs,0.7024878015215494,0.8963497745777915,1.392757660167131e-4,476,n.s.,3.225806451612903e-4,680,n.s.
Yayoi,xbp1,Fukahori_19,2,28,-0.030000000000001137,0.03857142857142864,0.14933715981492116,grubbs,0.654587205889765,0.8450418154005269,1.2853470437017997e-4,446,n.s.,2.145922746781116e-4,602,n.s.
Yayoi,xbp1,Fukahori_2002-8-A,1,28,-0.02999999999999936,0.03857142857142864,0.14933715981492116,grubbs,0.6545872058897735,0.8450418154005359,1.288659793814433e-4,447,n.s.,2.1645021645021645e-4,604,n.s.
Yayoi,xbp1,Fukahori_2002-8-A,2,28,0.0600000000000005,0.03857142857142864,0.14933715981492116,grubbs,0.8889900184758346,0.6955708489809099,3.448275862068966e-4,690,n.s.,1.3477088948787063e-4,464,n.s.
Yayoi,xbp1,Fukahori_4,1,28,-0.15000000000000036,0.03857142857142864,0.14933715981492116,grubbs,0.21293896615223798,0.3243461198123453,7.552870090634441e-5,173,n.s.,8.130081300813008e-5,220,n.s.
Yayoi,xbp1,Fukahori_4,2,28,-0.019999999999999574,0.03857142857142864,0.14933715981492116,grubbs,0.7024878015215494,0.8963497745777915,1.3966480446927376e-4,477,n.s.,3.246753246753247e-4,681,n.s.
Yayoi,xbp1,Fukahori_6,1,28,-0.06999999999999851,0.03857142857142864,0.14933715981492116,grubbs,0.47749006841298314,0.6478473850454494,9.823182711198429e-5,326,n.s.,1.2468827930174565e-4,434,n.s.
Yayoi,xbp1,Fukahori_6,2,28,-0.08000000000000007,0.03857142857142864,0.14933715981492116,grubbs,0.4374744220813582,0.6014543109857022,9.31098696461825e-5,298,n.s.,1.1389521640091117e-4,396,n.s.
Yayoi,xbp1,Fukahori_8,1,28,0.07000000000000028,0.03857142857142864,0.14933715981492116,grubbs,0.8377576323098477,0.6478473850454409,2.403846153846154e-4,627,n.s.,1.2406947890818859e-4,432,n.s.
Yayoi,xbp1,Fukahori_8,2,28,-0.02999999999999936,0.03857142857142864,0.14933715981492116,grubbs,0.6545872058897735,0.8450418154005359,1.2919896640826875e-4,448,n.s.,2.173913043478261e-4,605,n.s.
Yayoi,xbp1,miyanomoto_14,1,28,-0.08000000000000007,0.03857142857142864,0.14933715981492116,grubbs,0.4374744220813582,0.6014543109857022,9.328358208955224e-5,299,n.s.,1.1415525114155252e-4,397,n.s.
Yayoi,xbp1,miyanomoto_14,2,28,0.03999999999999915,0.03857142857142864,0.14933715981492116,grubbs,0.9925767139395901,0.7943480345813957,0.004545454545454546,824,n.s.,1.666666666666667e-4,535,n.s.
Yayoi,xbp1,miyanomoto_20,1,28,0.030000000000001137,0.03857142857142864,0.14933715981492116,grubbs,0.9554815359293489,0.8450418154005269,9.090909090909091e-4,780,n.s.,2.1551724137931037e-4,603,n.s.
Yayoi,xbp1,miyanomoto_20,2,28,0.019999999999999574,0.03857142857142864,0.14933715981492116,grubbs,0.9037179722293083,0.8963497745777915,4.166666666666667e-4,715,n.s.,3.289473684210526e-4,683,n.s.
Yayoi,xbp1,miyanomoto_23,1,28,0.06999999999999851,0.03857142857142864,0.14933715981492116,grubbs,0.8377576323098568,0.6478473850454494,2.4271844660194176e-4,629,n.s.,1.25e-4,435,n.s.
Yayoi,xbp1,miyanomoto_23,2,28,-0.1899999999999995,0.03857142857142864,0.14933715981492116,grubbs,0.12848101080573207,0.20939302217295241,7.267441860465116e-5,147,n.s.,7.530120481927712e-5,171,n.s.
Yayoi,xbp1,Miyanomoto_25,1,28,0.3899999999999997,0.03857142857142864,0.14933715981492116,grubbs,0.015881147559734254,0.0066650823885547154,6.485084306095979e-5,64,n.s.,6.476683937823834e-5,63,n.s.
Yayoi,xbp1,Miyanomoto_25,2,28,0.21999999999999975,0.03857142857142864,0.14933715981492116,grubbs,0.23128218189132557,0.14407530582819658,7.633587786259542e-5,180,n.s.,7.36377025036819e-5,156,n.s.
Yayoi,xbp1,Miyanomoto_35,1,28,0.009999999999999787,0.03857142857142864,0.14933715981492116,grubbs,0.852338544014114,0.9480709962342511,2.6595744680851064e-4,647,n.s.,5.617977528089888e-4,746,n.s.
Yayoi,xbp1,Miyanomoto_35,2,28,0.07000000000000028,0.03857142857142864,0.14933715981492116,grubbs,0.8377576323098477,0.6478473850454409,2.4154589371980678e-4,628,n.s.,1.2437810945273634e-4,433,n.s.
Yayoi,xbp1,miyanomoto_36,1,28,0.009999999999999787,0.03857142857142864,0.14933715981492116,grubbs,0.852338544014114,0.9480709962342511,2.6737967914438503e-4,648,n.s.,5.681818181818183e-4,747,n.s.
Yayoi,xbp1,miyanomoto_36,2,28,-0.019999999999999574,0.03857142857142864,0.14933715981492116,grubbs,0.7024878015215494,0.8963497745777915,1.400560224089636e-4,478,n.s.,3.2679738562091506e-4,682,n.s.
Yayoi,xbp2,Fukahori_11,1,24,-0.05000000000000071,0.03375000000000002,0.21278305955781032,dixon,0.0798145499400833,0.0798145499400833,6.765899864682003e-5,96,n.s.,6.839945280437756e-5,104,n.s.
Yayoi,xbp2,Fukahori_11,2,24,0.019999999999999574,0.03375000000000002,0.21278305955781032,dixon,0.0798145499400833,0,6.775067750677507e-5,97,n.s.,6.25e-5,35,*
Yayoi,xbp2,Fukahori_16,1,24,-0.07000000000000028,0.03375000000000002,0.21278305955781032,dixon,0.0798145499400833,0.0798145499400833,6.7842605156038e-5,98,n.s.,6.849315068493152e-5,105,n.s.
Yayoi,xbp2,Fukahori_16,2,24,0.4299999999999997,0.03375000000000002,0.21278305955781032,dixon,0,0,6.188118811881188e-5,27,*,6.188118811881188e-5,27,*
Yayoi,xbp2,Fukahori_19,1,24,0.10999999999999943,0.03375000000000002,0.21278305955781032,dixon,0,0,6.17283950617284e-5,25,*,6.17283950617284e-5,25,*
Yayoi,xbp2,Fukahori_19,2,24,0.009999999999999787,0.03375000000000002,0.21278305955781032,dixon,0.0798145499400833,0,6.747638326585695e-5,94,n.s.,6.242197253433208e-5,34,*
Yayoi,xbp2,Fukahori_2002-8-A,1,24,-0.019999999999999574,0.03375000000000002,0.21278305955781032,dixon,0.0798145499400833,0.0798145499400833,6.756756756756757e-5,95,n.s.,6.830601092896175e-5,103,n.s.
Yayoi,xbp2,Fukahori_2002-8-A,2,24,0.16000000000000014,0.03375000000000002,0.21278305955781032,dixon,0,0,6.180469715698394e-5,26,*,6.180469715698394e-5,26,*
Yayoi,xbp2,Fukahori_4,1,24,0.10000000000000053,0.03375000000000002,0.21278305955781032,dixon,0,0,6.203473945409429e-5,29,*,6.203473945409429e-5,29,*
Yayoi,xbp2,Fukahori_4,2,24,-0.10000000000000053,0.03375000000000002,0.21278305955781032,dixon,0.0798145499400833,0.0798145499400833,6.821282401091406e-5,102,n.s.,6.887052341597797e-5,109,n.s.
Yayoi,xbp2,Fukahori_6,1,24,-0.6600000000000001,0.03375000000000002,0.21278305955781032,dixon,0.0798145499400833,0.0798145499400833,6.793478260869565e-5,99,n.s.,6.858710562414266e-5,106,n.s.
Yayoi,xbp2,Fukahori_6,2,24,0.5100000000000016,0.03375000000000002,0.21278305955781032,dixon,0,0,6.195786864931847e-5,28,*,6.195786864931847e-5,28,*
Yayoi,xbp2,Fukahori_Takahoko,1,24,-0.09999999999999964,0.03375000000000002,0.21278305955781032,dixon,0.0798145499400833,0.0798145499400833,6.802721088435374e-5,100,n.s.,6.868131868131868e-5,107,n.s.
Yayoi,xbp2,Fukahori_Takahoko,2,24,-0.06999999999999851,0.03375000000000002,0.21278305955781032,dixon,0.0798145499400833,0.0798145499400833,6.811989100817439e-5,101,n.s.,6.87757909215956e-5,108,n.s.
Yayoi,xbp2,miyanomoto_14,1,24,-0.02999999999999936,0.03375000000000002,0.21278305955781032,dixon,0.0798145499400833,0.0798145499400833,6.839945280437756e-5,104,n.s.,6.906077348066299e-5,111,n.s.
Yayoi,xbp2,miyanomoto_14,2,24,0.25,0.03375000000000002,0.21278305955781032,dixon,0,0,6.218905472636817e-5,31,*,6.218905472636817e-5,31,*
Yayoi,xbp2,miyanomoto_20,1,24,0.07000000000000028,0.03375000000000002,0.21278305955781032,dixon,0,0,6.234413965087283e-5,33,*,6.234413965087283e-5,33,*
Yayoi,xbp2,miyanomoto_20,2,24,0.02999999999999936,0.03375000000000002,0.21278305955781032,dixon,0.0798145499400833,0,6.87757909215956e-5,108,n.s.,6.273525721455459e-5,38,*
Yayoi,xbp2,Miyanomoto_35,1,24,0.03999999999999915,0.03375000000000002,0.21278305955781032,dixon,0,0,6.2266500622665e-5,32,*,6.2266500622665e-5,32,*
Yayoi,xbp2,Miyanomoto_35,2,24,-0.009999999999999787,0.03375000000000002,0.21278305955781032,dixon,0.0798145499400833,0.0798145499400833,6.849315068493152e-5,105,n.s.,6.915629322268326e-5,112,n.s.
Yayoi,xbp2,miyanomoto_36,1,24,0.009999999999999787,0.03375000000000002,0.21278305955781032,dixon,0.0798145499400833,0,6.858710562414266e-5,106,n.s.,6.25782227784731e-5,36,*
Yayoi,xbp2,miyanomoto_36,2,24,0,0.03375000000000002,0.21278305955781032,dixon,0.0798145499400833,0,6.868131868131868e-5,107,n.s.,6.265664160401002e-5,37,*
Yayoi,xbp2,Okinoharu_12,1,24,0.1899999999999995,0.03375000000000002,0.21278305955781032,dixon,0,0,6.211180124223603e-5,30,*,6.211180124223603e-5,30,*
Yayoi,xbp2,Okinoharu_12,2,24,-0.009999999999999787,0.03375000000000002,0.21278305955781032,dixon,0.0798145499400833,0.0798145499400833,6.830601092896175e-5,103,n.s.,6.896551724137931e-5,110,n.s.
Yayoi,xlc,Fukahori_19,1,14,-0.009999999999999787,0.015000000000000189,0.21063092036874528,dixon,0.09665838219413808,0.09665838219413808,6.906077348066299e-5,111,n.s.,6.983240223463688e-5,119,n.s.
Yayoi,xlc,Fukahori_19,2,14,0.08000000000000007,0.015000000000000189,0.21063092036874528,dixon,0.11956072021876545,0.11956072021876545,7.163323782234958e-5,137,n.s.,7.267441860465116e-5,147,n.s.
Yayoi,xlc,Fukahori_2002-10,1,14,0.0600000000000005,0.015000000000000189,0.21063092036874528,dixon,0.11956072021876545,0.11956072021876545,7.173601147776183e-5,138,n.s.,7.27802037845706e-5,148,n.s.
Yayoi,xlc,Fukahori_2002-10,2,14,-0.08000000000000007,0.015000000000000189,0.21063092036874528,dixon,0.09665838219413808,0.09665838219413808,6.934812760055478e-5,114,n.s.,7.012622720897616e-5,122,n.s.
Yayoi,xlc,Fukahori_2002-8-A,1,14,-0.4300000000000006,0.015000000000000189,0.21063092036874528,dixon,0.09665838219413808,0.09665838219413808,6.915629322268326e-5,112,n.s.,6.993006993006993e-5,120,n.s.
Yayoi,xlc,Fukahori_2002-8-A,2,14,-0.08999999999999986,0.015000000000000189,0.21063092036874528,dixon,0.09665838219413808,0.09665838219413808,6.925207756232688e-5,113,n.s.,7.00280112044818e-5,121,n.s.
Yayoi,xlc,Fukahori_4,1,14,0,0.015000000000000189,0.21063092036874528,dixon,0.09665838219413808,0.11956072021876545,6.944444444444444e-5,115,n.s.,7.246376811594203e-5,145,n.s.
Yayoi,xlc,Fukahori_4,2,14,0.5100000000000007,0.015000000000000189,0.21063092036874528,dixon,0.11956072021876545,0.11956072021876545,7.183908045977011e-5,139,n.s.,7.28862973760933e-5,149,n.s.
Yayoi,xlc,Fukahori_8,1,14,-0.010000000000000675,0.015000000000000189,0.21063092036874528,dixon,0.09665838219413808,0.09665838219413808,6.954102920723227e-5,116,n.s.,7.02247191011236e-5,123,n.s.
Yayoi,xlc,Fukahori_8,2,14,-0.040000000000000036,0.015000000000000189,0.21063092036874528,dixon,0.09665838219413808,0.09665838219413808,6.963788300835655e-5,117,n.s.,7.032348804500703e-5,124,n.s.
Yayoi,xlc,Miyanomoto_21,1,14,0.1900000000000004,0.015000000000000189,0.21063092036874528,dixon,0.11956072021876545,0.11956072021876545,7.194244604316547e-5,140,n.s.,7.299270072992701e-5,150,n.s.
Yayoi,xlc,Miyanomoto_21,2,14,0.010000000000001563,0.015000000000000189,0.21063092036874528,dixon,0.09665838219413808,0.11956072021876545,6.97350069735007e-5,118,n.s.,7.25689404934688e-5,146,n.s.
Yayoi,xlc,miyanomoto_24,1,14,0.20000000000000018,0.015000000000000189,0.21063092036874528,dixon,0.11956072021876545,0.11956072021876545,7.204610951008646e-5,141,n.s.,7.309941520467836e-5,151,n.s.
Yayoi,xlc,miyanomoto_24,2,14,-0.17999999999999972,0.015000000000000189,0.21063092036874528,dixon,0.09665838219413808,0.09665838219413808,6.983240223463688e-5,119,n.s.,7.042253521126761e-5,125,n.s.
Yayoi,xli1,Fukahori_10,1,30,-1.6399999999999997,-0.05833333333333327,0.4122694409655207,grubbs,1.2726067189986268e-5,4.2313271389151145e-6,6.289308176100629e-5,40,*,6.329113924050633e-5,45,*
Yayoi,xli1,Fukahori_10,2,30,0.16999999999999993,-0.05833333333333327,0.4122694409655207,grubbs,0.5884808236382757,0.6874113909837638,1.17096018735363e-4,408,n.s.,1.3368983957219252e-4,461,n.s.
Yayoi,xli1,Fukahori_11,1,30,0.8200000000000003,-0.05833333333333327,0.4122694409655207,grubbs,0.030846580261263003,0.04497371895099137,6.578947368421052e-5,75,n.s.,6.765899864682003e-5,96,n.s.
Yayoi,xli1,Fukahori_11,2,30,-0.4299999999999997,-0.05833333333333327,0.4122694409655207,grubbs,0.3765195863946962,0.30514703089701695,8.547008547008547e-5,250,n.s.,8.012820512820513e-5,211,n.s.
Yayoi,xli1,Fukahori_13,1,30,-0.6899999999999995,-0.05833333333333327,0.4122694409655207,grubbs,0.1278676953343383,0.09496910792195296,7.25689404934688e-5,146,n.s.,6.97350069735007e-5,118,n.s.
Yayoi,xli1,Fukahori_13,2,30,0.040000000000000036,-0.05833333333333327,0.4122694409655207,grubbs,0.8161257496651221,0.9246702180282138,2.1367521367521368e-4,601,n.s.,4.237288135593221e-4,717,n.s.
Yayoi,xli1,Fukahori_15,1,30,-0.0799999999999983,-0.05833333333333327,0.4122694409655207,grubbs,0.9591556072107876,0.8499766300699813,0.0010416666666666667,787,n.s.,2.2222222222222223e-4,610,n.s.
Yayoi,xli1,Fukahori_15,2,30,-0.019999999999999574,-0.05833333333333327,0.4122694409655207,grubbs,0.927800637269566,0.9622951703851041,5.263157894736842e-4,740,n.s.,8.19672131147541e-4,774,n.s.
Yayoi,xli1,Fukahori_16,1,30,0.21000000000000085,-0.05833333333333327,0.4122694409655207,grubbs,0.5244994035045969,0.6189023686041784,1.0526315789473685e-4,360,n.s.,1.1904761904761905e-4,415,n.s.
Yayoi,xli1,Fukahori_16,2,30,0.3699999999999992,-0.05833333333333327,0.4122694409655207,grubbs,0.3070592564072955,0.37869203768824944,8.051529790660226e-5,214,n.s.,8.576329331046313e-5,252,n.s.
Yayoi,xli1,Fukahori_17,1,30,-0.3099999999999996,-0.05833333333333327,0.4122694409655207,grubbs,0.5507427956113498,0.46166880117688147,1.1086474501108647e-4,384,n.s.,9.652509652509652e-5,317,n.s.
Yayoi,xli1,Fukahori_17,2,30,0.33999999999999986,-0.05833333333333327,0.4122694409655207,grubbs,0.34276109380736797,0.41903421089290516,8.237232289950578e-5,228,n.s.,9.107468123861566e-5,286,n.s.
Yayoi,xli1,Fukahori_19,1,30,-0.2400000000000002,-0.05833333333333327,0.4122694409655207,grubbs,0.6671459862020441,0.5694702167562455,1.3227513227513228e-4,457,n.s.,1.1013215859030837e-4,381,n.s.
Yayoi,xli1,Fukahori_19,2,30,-0.22999999999999954,-0.05833333333333327,0.4122694409655207,grubbs,0.684502850063843,0.5857480611339838,1.3698630136986303e-4,470,n.s.,1.1261261261261261e-4,391,n.s.
Yayoi,xli1,Fukahori_2002-10,1,30,0.22000000000000064,-0.05833333333333327,0.4122694409655207,grubbs,0.5090509740814515,0.602227645181904,1.0395010395010396e-4,354,n.s.,1.152073732718894e-4,401,n.s.
Yayoi,xli1,Fukahori_2002-10,2,30,-0.4400000000000013,-0.05833333333333327,0.4122694409655207,grubbs,0.3636387991317316,0.2938315179658756,8.460236886632826e-5,244,n.s.,7.861635220125787e-5,199,n.s.
Yayoi,xli1,Fukahori_2002-8-A,1,30,-0.08000000000000007,-0.05833333333333327,0.4122694409655207,grubbs,0.9591556072107842,0.8499766300699778,0.0010204081632653062,786,n.s.,2.2123893805309737e-4,609,n.s.
Yayoi,xli1,Fukahori_2002-8-A,2,30,-0.35999999999999943,-0.05833333333333327,0.4122694409655207,grubbs,0.4739060730903031,0.39187975496507066,9.671179883945843e-5,318,n.s.,8.680555555555556e-5,259,n.s.
Yayoi,xli1,Fukahori_4,1,30,0.019999999999999574,-0.05833333333333327,0.4122694409655207,grubbs,0.8530679842403814,0.9622951703851041,2.6881720430107527e-4,649,n.s.,8.064516129032258e-4,773,n.s.
Yayoi,xli1,Fukahori_4,2,30,-0.010000000000001563,-0.05833333333333327,0.4122694409655207,grubbs,0.9090356356924905,0.9811425873293511,4.5871559633027525e-4,726,n.s.,0.0015151515151515152,802,n.s.
Yayoi,xli1,Fukahori_6,1,30,-0.0600000000000005,-0.05833333333333327,0.4122694409655207,grubbs,0.9968568278626789,0.8872045487984254,0.016666666666666666,832,n.s.,2.747252747252747e-4,653,n.s.
Yayoi,xli1,Fukahori_6,2,30,0.1899999999999995,-0.05833333333333327,0.4122694409655207,grubbs,0.5560640238304511,0.6528094934270418,1.1135857461024499e-4,386,n.s.,1.2658227848101267e-4,440,n.s.
Yayoi,xli1,miyanomoto_14,1,30,0.08000000000000007,-0.05833333333333327,0.4122694409655207,grubbs,0.7434660210617605,0.8499766300699778,1.5822784810126583e-4,519,n.s.,2.192982456140351e-4,607,n.s.
Yayoi,xli1,miyanomoto_14,2,30,0.08000000000000007,-0.05833333333333327,0.4122694409655207,grubbs,0.7434660210617605,0.8499766300699778,1.5873015873015873e-4,520,n.s.,2.2026431718061675e-4,608,n.s.
Yayoi,xli1,Miyanomoto_18,1,30,0.08999999999999986,-0.05833333333333327,0.4122694409655207,grubbs,0.7256088758795858,0.8314759784807225,1.497005988023952e-4,501,n.s.,1.9685039370078743e-4,581,n.s.
Yayoi,xli1,Miyanomoto_18,2,30,0.0600000000000005,-0.05833333333333327,0.4122694409655207,grubbs,0.7795673751998613,0.8872045487984254,1.7921146953405018e-4,556,n.s.,2.73224043715847e-4,652,n.s.
Yayoi,xli1,Miyanomoto_35,1,30,-0.009999999999999787,-0.05833333333333327,0.4122694409655207,grubbs,0.909035635692487,0.9811425873293544,4.5454545454545455e-4,725,n.s.,0.0015625,803,n.s.
Yayoi,xli1,Miyanomoto_35,2,30,0.14000000000000057,-0.05833333333333327,0.4122694409655207,grubbs,0.6385936676298515,0.7404804353538929,1.2626262626262626e-4,439,n.s.,1.4792899408284024e-4,497,n.s.
Yayoi,xli1,miyanomoto_36,1,30,-0.040000000000000036,-0.05833333333333327,0.4122694409655207,grubbs,0.9654352885338313,0.9246702180282138,0.0011904761904761906,793,n.s.,4.2735042735042735e-4,718,n.s.
Yayoi,xli1,miyanomoto_36,2,30,0.05999999999999961,-0.05833333333333327,0.4122694409655207,grubbs,0.779567375199863,0.887204548798427,1.7985611510791367e-4,557,n.s.,2.7624309392265195e-4,654,n.s.
Yayoi,xli2,Fukahori_11,1,26,1.1499999999999995,0.12499999999999994,0.2859685297371022,grubbs,4.820215592387142e-5,1.2429986548317476e-6,6.297229219143577e-5,41,*,6.321112515802781e-5,44,*
Yayoi,xli2,Fukahori_11,2,26,-0.02999999999999936,0.12499999999999994,0.2859685297371022,grubbs,0.5978989463111223,0.9189042258805604,1.1904761904761905e-4,415,n.s.,4e-4,710,n.s.
Yayoi,xli2,Fukahori_16,1,26,0.10000000000000053,0.12499999999999994,0.2859685297371022,grubbs,0.9323866437873305,0.7340593758788476,5.747126436781609e-4,748,n.s.,1.4450867052023122e-4,489,n.s.
Yayoi,xli2,Fukahori_16,2,26,0.22999999999999954,0.12499999999999994,0.2859685297371022,grubbs,0.7212724404863671,0.4323184448341103,1.4792899408284024e-4,497,n.s.,9.380863039399625e-5,302,n.s.
Yayoi,xli2,Fukahori_17,1,26,0.5599999999999996,0.12499999999999994,0.2859685297371022,grubbs,0.13119861626416876,0.04840304603432913,7.28862973760933e-5,149,n.s.,6.775067750677507e-5,97,n.s.
Yayoi,xli2,Fukahori_17,2,26,0.2400000000000002,0.12499999999999994,0.2859685297371022,grubbs,0.6959203349428901,0.4123206655969067,1.3850415512465375e-4,474,n.s.,8.849557522123894e-5,270,n.s.
Yayoi,xli2,Fukahori_19,1,26,-0.06999999999999984,0.12499999999999994,0.2859685297371022,grubbs,0.5063071476830379,0.8121340327426984,1.0373443983402491e-4,353,n.s.,1.851851851851852e-4,565,n.s.
Yayoi,xli2,Fukahori_19,2,26,-0.14999999999999947,0.12499999999999994,0.2859685297371022,grubbs,0.34652888586328767,0.6098260477455031,8.264462809917356e-5,230,n.s.,1.1737089201877935e-4,409,n.s.
Yayoi,xli2,Fukahori_4,1,26,-0.009999999999999787,0.12499999999999994,0.2859685297371022,grubbs,0.6461869715606048,0.9729290111837081,1.2755102040816328e-4,443,n.s.,0.0011627906976744186,792,n.s.
Yayoi,xli2,Fukahori_4,2,26,0.20999999999999996,0.12499999999999994,0.2859685297371022,grubbs,0.7728261844768467,0.4738542525642432,1.7361111111111112e-4,547,n.s.,9.803921568627452e-5,325,n.s.
Yayoi,xli2,Fukahori_6,1,26,0.11000000000000032,0.12499999999999994,0.2859685297371022,grubbs,0.9594026816428473,0.7085584060347088,0.0010638297872340426,788,n.s.,1.404494382022472e-4,479,n.s.
Yayoi,xli2,Fukahori_6,2,26,-0.20000000000000018,0.12499999999999994,0.2859685297371022,grubbs,0.26424139810431096,0.49536889737857126,7.751937984496124e-5,190,n.s.,1.006036217303823e-4,338,n.s.
Yayoi,xli2,miyanomoto_14,1,26,0.05999999999999961,0.12499999999999994,0.2859685297371022,grubbs,0.8253413664471523,0.838595385951741,2.2026431718061675e-4,608,n.s.,2.092050209205021e-4,596,n.s.
Yayoi,xli2,miyanomoto_14,2,26,-0.1200000000000001,0.12499999999999994,0.2859685297371022,grubbs,0.4025187744576223,0.6833612347870284,8.741258741258741e-5,263,n.s.,1.3297872340425532e-4,459,n.s.
Yayoi,xli2,Miyanomoto_18,1,26,0.34999999999999964,0.12499999999999994,0.2859685297371022,grubbs,0.4425119039967559,0.22831557724723436,9.345794392523365e-5,300,n.s.,7.575757575757576e-5,175,n.s.
Yayoi,xli2,Miyanomoto_18,2,26,0.1899999999999995,0.12499999999999994,0.2859685297371022,grubbs,0.8253413664471544,0.5173636085982014,2.2123893805309737e-4,609,n.s.,1.0266940451745381e-4,348,n.s.
Yayoi,xli2,Miyanomoto_21,1,26,-0.15000000000000036,0.12499999999999994,0.2859685297371022,grubbs,0.3465288858632861,0.609826047745501,8.250825082508251e-5,229,n.s.,1.17096018735363e-4,408,n.s.
Yayoi,xli2,Miyanomoto_21,2,26,-0.020000000000000462,0.12499999999999994,0.2859685297371022,grubbs,0.6218514779395596,0.945887342292284,1.2376237623762376e-4,431,n.s.,5.319148936170213e-4,741,n.s.
Yayoi,xli2,miyanomoto_23,1,26,0.25,0.12499999999999994,0.2859685297371022,grubbs,0.670884056303579,0.39284969696946026,1.3550135501355014e-4,466,n.s.,8.695652173913044e-5,260,n.s.
Yayoi,xli2,miyanomoto_23,2,26,0.2699999999999996,0.12499999999999994,0.2859685297371022,grubbs,0.6218514779395615,0.3555204338952357,1.2406947890818859e-4,432,n.s.,8.375209380234506e-5,238,n.s.
Yayoi,xli2,Miyanomoto_35,1,26,0.22999999999999954,0.12499999999999994,0.2859685297371022,grubbs,0.7212724404863671,0.4323184448341103,1.4836795252225521e-4,498,n.s.,9.398496240601504e-5,303,n.s.
Yayoi,xli2,Miyanomoto_35,2,26,0,0.12499999999999994,0.2859685297371022,grubbs,0.670884056303579,1,1.3513513513513514e-4,465,n.s.,0.0025,815,n.s.
Yayoi,xli2,miyanomoto_36,1,26,-0.1999999999999993,0.12499999999999994,0.2859685297371022,grubbs,0.26424139810431224,0.49536889737857315,7.763975155279503e-5,191,n.s.,1.0080645161290323e-4,339,n.s.
Yayoi,xli2,miyanomoto_36,2,26,-0.11000000000000032,0.12499999999999994,0.2859685297371022,grubbs,0.42225428008988575,0.7085584060347088,9.157509157509158e-5,289,n.s.,1.400560224089636e-4,478,n.s.
Yayoi,xli2,miyanomoto_9,1,26,0,0.12499999999999994,0.2859685297371022,grubbs,0.670884056303579,1,1.3477088948787063e-4,464,n.s.,0.002380952380952381,814,n.s.
Yayoi,xli2,miyanomoto_9,2,26,0.3600000000000003,0.12499999999999994,0.2859685297371022,grubbs,0.4222542800898854,0.21490938044080285,9.140767824497258e-5,288,n.s.,7.552870090634441e-5,173,n.s.
Yayoi,xlm1,Fukahori_2002-8-A,1,22,0.11999999999999922,-0.02454545454545459,0.2635965039281001,dixon,0.5289637195734698,0.5289637195734698,1.0683760683760684e-4,367,n.s.,1.0373443983402491e-4,353,n.s.
Yayoi,xlm1,Fukahori_2002-8-A,2,22,0.3600000000000012,-0.02454545454545459,0.2635965039281001,dixon,0.5289637195734698,0.5289637195734698,1.0706638115631693e-4,368,n.s.,1.0395010395010396e-4,354,n.s.
Yayoi,xlm1,Fukahori_4,1,22,-0.1800000000000015,-0.02454545454545459,0.2635965039281001,dixon,0.4200269107576316,0.4200269107576316,8.94454382826476e-5,276,n.s.,9.140767824497258e-5,288,n.s.
Yayoi,xlm1,Fukahori_4,2,22,-0.46999999999999886,-0.02454545454545459,0.2635965039281001,dixon,0.4200269107576316,0.4200269107576316,8.960573476702509e-5,277,n.s.,9.157509157509158e-5,289,n.s.
Yayoi,xlm1,Fukahori_8,1,22,-0.15000000000000036,-0.02454545454545459,0.2635965039281001,dixon,0.4200269107576316,0.4200269107576316,8.992805755395684e-5,279,n.s.,9.191176470588235e-5,291,n.s.
Yayoi,xlm1,Fukahori_8,2,22,-0.0600000000000005,-0.02454545454545459,0.2635965039281001,dixon,0.4200269107576316,0.4200269107576316,9.009009009009009e-5,280,n.s.,9.208103130755066e-5,292,n.s.
Yayoi,xlm1,Fukahori_9,1,22,0,-0.02454545454545459,0.2635965039281001,dixon,0.5289637195734698,0.5289637195734698,1.0775862068965518e-4,371,n.s.,1.0460251046025105e-4,357,n.s.
Yayoi,xlm1,Fukahori_9,2,22,0,-0.02454545454545459,0.2635965039281001,dixon,0.5289637195734698,0.5289637195734698,1.0799136069114472e-4,372,n.s.,1.0482180293501049e-4,358,n.s.
Yayoi,xlm1,Fukahori_Takahoko,1,22,-0.040000000000000924,-0.02454545454545459,0.2635965039281001,dixon,0.4200269107576316,0.4200269107576316,8.928571428571429e-5,275,n.s.,9.124087591240877e-5,287,n.s.
Yayoi,xlm1,Fukahori_Takahoko,2,22,0.08000000000000007,-0.02454545454545459,0.2635965039281001,dixon,0.5289637195734698,0.5289637195734698,1.072961373390558e-4,369,n.s.,1.0416666666666667e-4,355,n.s.
Yayoi,xlm1,Miyanomoto_13,1,22,-0.14000000000000057,-0.02454545454545459,0.2635965039281001,dixon,0.4200269107576316,0.4200269107576316,9.041591320072333e-5,282,n.s.,9.242144177449169e-5,294,n.s.
Yayoi,xlm1,Miyanomoto_13,2,22,-0.19000000000000128,-0.02454545454545459,0.2635965039281001,dixon,0.4200269107576316,0.4200269107576316,9.057971014492754e-5,283,n.s.,9.25925925925926e-5,295,n.s.
Yayoi,xlm1,miyanomoto_14,1,22,-0.15000000000000036,-0.02454545454545459,0.2635965039281001,dixon,0.4200269107576316,0.4200269107576316,9.025270758122745e-5,281,n.s.,9.22509225092251e-5,293,n.s.
Yayoi,xlm1,miyanomoto_14,2,22,0.33999999999999986,-0.02454545454545459,0.2635965039281001,dixon,0.5289637195734698,0.5289637195734698,1.0822510822510823e-4,373,n.s.,1.050420168067227e-4,359,n.s.
Yayoi,xlm1,miyanomoto_20,1,22,-0.019999999999999574,-0.02454545454545459,0.2635965039281001,dixon,0.5289637195734698,0.4200269107576316,1.0893246187363835e-4,376,n.s.,9.328358208955224e-5,299,n.s.
Yayoi,xlm1,miyanomoto_20,2,22,-0.05000000000000071,-0.02454545454545459,0.2635965039281001,dixon,0.4200269107576316,0.4200269107576316,9.107468123861566e-5,286,n.s.,9.31098696461825e-5,298,n.s.
Yayoi,xlm1,miyanomoto_23,1,22,0.5899999999999999,-0.02454545454545459,0.2635965039281001,dixon,0.5289637195734698,0.5289637195734698,1.0845986984815619e-4,374,n.s.,1.0526315789473685e-4,360,n.s.
Yayoi,xlm1,miyanomoto_23,2,22,0.20000000000000107,-0.02454545454545459,0.2635965039281001,dixon,0.5289637195734698,0.5289637195734698,1.0869565217391305e-4,375,n.s.,1.0548523206751055e-4,361,n.s.
Yayoi,xlm1,miyanomoto_36,1,22,-0.5399999999999991,-0.02454545454545459,0.2635965039281001,dixon,0.4200269107576316,0.4200269107576316,9.074410163339384e-5,284,n.s.,9.27643784786642e-5,296,n.s.
Yayoi,xlm1,miyanomoto_36,2,22,-0.20999999999999908,-0.02454545454545459,0.2635965039281001,dixon,0.4200269107576316,0.4200269107576316,9.090909090909092e-5,285,n.s.,9.293680297397771e-5,297,n.s.
Yayoi,xlm1,Okinoharu_12,1,22,0.23000000000000043,-0.02454545454545459,0.2635965039281001,dixon,0.5289637195734698,0.5289637195734698,1.0752688172043011e-4,370,n.s.,1.0438413361169103e-4,356,n.s.
Yayoi,xlm1,Okinoharu_12,2,22,-0.2599999999999998,-0.02454545454545459,0.2635965039281001,dixon,0.4200269107576316,0.4200269107576316,8.976660682226212e-5,278,n.s.,9.174311926605505e-5,290,n.s.
Yayoi,xlm2,Fukahori_15,1,16,0.019999999999999574,-0.20312499999999967,0.38575845205689696,dixon,0.4883280070001206,0.4883280070001206,9.881422924901186e-5,329,n.s.,9.940357852882704e-5,332,n.s.
Yayoi,xlm2,Fukahori_15,2,16,0.03999999999999915,-0.20312499999999967,0.38575845205689696,dixon,0.4883280070001206,0.4883280070001206,9.900990099009902e-5,330,n.s.,9.960159362549801e-5,333,n.s.
Yayoi,xlm2,Fukahori_2002-8-A,1,16,-0.9100000000000001,-0.20312499999999967,0.38575845205689696,dixon,0.2884281607061354,0.2884281607061354,7.836990595611286e-5,197,n.s.,7.751937984496124e-5,190,n.s.
Yayoi,xlm2,Fukahori_2002-8-A,2,16,0.040000000000000924,-0.20312499999999967,0.38575845205689696,dixon,0.4883280070001206,0.4883280070001206,9.861932938856017e-5,328,n.s.,9.92063492063492e-5,331,n.s.
Yayoi,xlm2,Fukahori_8,1,16,-0.08000000000000007,-0.20312499999999967,0.38575845205689696,dixon,0.4883280070001206,0.2884281607061354,9.92063492063492e-5,331,n.s.,7.800312012480499e-5,194,n.s.
Yayoi,xlm2,Fukahori_8,2,16,-1.049999999999999,-0.20312499999999967,0.38575845205689696,dixon,0.2884281607061354,0.2884281607061354,7.849293563579278e-5,198,n.s.,7.763975155279503e-5,191,n.s.
Yayoi,xlm2,miyanomoto_14,1,16,0.11000000000000121,-0.20312499999999967,0.38575845205689696,dixon,0.4883280070001206,0.4883280070001206,9.940357852882704e-5,332,n.s.,9.980039920159681e-5,334,n.s.
Yayoi,xlm2,miyanomoto_14,2,16,-0.15000000000000036,-0.20312499999999967,0.38575845205689696,dixon,0.4883280070001206,0.2884281607061354,9.960159362549801e-5,333,n.s.,7.8125e-5,195,n.s.
Yayoi,xlm2,miyanomoto_20,1,16,-0.129999999999999,-0.20312499999999967,0.38575845205689696,dixon,0.4883280070001206,0.2884281607061354,1.006036217303823e-4,338,n.s.,7.849293563579278e-5,198,n.s.
Yayoi,xlm2,miyanomoto_20,2,16,0.009999999999999787,-0.20312499999999967,0.38575845205689696,dixon,0.4883280070001206,0.4883280070001206,1.0080645161290323e-4,339,n.s.,1.0040160642570282e-4,337,n.s.
Yayoi,xlm2,miyanomoto_23,1,16,0.030000000000001137,-0.20312499999999967,0.38575845205689696,dixon,0.4883280070001206,0.4883280070001206,1.002004008016032e-4,336,n.s.,1e-4,335,n.s.
Yayoi,xlm2,miyanomoto_23,2,16,0.16999999999999993,-0.20312499999999967,0.38575845205689696,dixon,0.4883280070001206,0.4883280070001206,1.0040160642570282e-4,337,n.s.,1.002004008016032e-4,336,n.s.
Yayoi,xlm2,Miyanomoto_35,1,16,-0.14999999999999858,-0.20312499999999967,0.38575845205689696,dixon,0.4883280070001206,0.2884281607061354,9.980039920159681e-5,334,n.s.,7.82472613458529e-5,196,n.s.
Yayoi,xlm2,Miyanomoto_35,2,16,-0.02999999999999936,-0.20312499999999967,0.38575845205689696,dixon,0.4883280070001206,0.2884281607061354,1e-4,335,n.s.,7.836990595611286e-5,197,n.s.
Yayoi,xlm2,miyanomoto_36,1,16,-0.3000000000000007,-0.20312499999999967,0.38575845205689696,dixon,0.2884281607061354,0.2884281607061354,7.861635220125787e-5,199,n.s.,7.776049766718508e-5,192,n.s.
Yayoi,xlm2,miyanomoto_36,2,16,-0.8699999999999992,-0.20312499999999967,0.38575845205689696,dixon,0.2884281607061354,0.2884281607061354,7.874015748031497e-5,200,n.s.,7.788161993769471e-5,193,n.s.
Yayoi,xlp1,Fukahori_11,1,26,0.6699999999999999,0.0926923076923076,0.27665946855016826,grubbs,0.03442845966414398,0.012549826653784676,6.587615283267458e-5,76,n.s.,6.51890482398957e-5,68,n.s.
Yayoi,xlp1,Fukahori_11,2,26,-0.3199999999999994,0.0926923076923076,0.27665946855016826,grubbs,0.1391782413153827,0.2556459810623111,7.320644216691069e-5,152,n.s.,7.645259938837921e-5,181,n.s.
Yayoi,xlp1,Fukahori_16,1,26,0.75,0.0926923076923076,0.27665946855016826,grubbs,0.014572056881531171,0.004454492182697535,6.46830530401035e-5,62,n.s.,6.451612903225807e-5,60,n.s.
Yayoi,xlp1,Fukahori_16,2,26,0.23999999999999932,0.0926923076923076,0.27665946855016826,grubbs,0.6044123735988298,0.3965554591227851,1.2077294685990339e-4,421,n.s.,8.726003490401397e-5,262,n.s.
Yayoi,xlp1,Fukahori_17,1,26,-0.0600000000000005,0.0926923076923076,0.27665946855016826,grubbs,0.5911924722371398,0.8332383185865244,1.179245283018868e-4,411,n.s.,1.984126984126984e-4,583,n.s.
Yayoi,xlp1,Fukahori_17,2,26,-0.1200000000000001,0.0926923076923076,0.27665946855016826,grubbs,0.45314700903935035,0.6732787370540136,9.487666034155598e-5,308,n.s.,1.3157894736842105e-4,455,n.s.
Yayoi,xlp1,Fukahori_19,1,26,0.04999999999999982,0.0926923076923076,0.27665946855016826,grubbs,0.8809363651568607,0.8607377626389593,3.1847133757961787e-4,678,n.s.,2.3255813953488373e-4,620,n.s.
Yayoi,xlp1,Fukahori_19,2,26,0.11000000000000032,0.0926923076923076,0.27665946855016826,grubbs,0.9515890704617034,0.6991955028930747,7.462686567164179e-4,768,n.s.,1.3550135501355014e-4,466,n.s.
Yayoi,xlp1,Fukahori_2002-8-A,1,26,-0.09999999999999964,0.0926923076923076,0.27665946855016826,grubbs,0.49716323212151314,0.7254463866251288,1.0183299389002037e-4,344,n.s.,1.4285714285714287e-4,485,n.s.
Yayoi,xlp1,Fukahori_2002-8-A,2,26,0.14999999999999947,0.0926923076923076,0.27665946855016826,grubbs,0.840624530063739,0.5977868008871854,2.4630541871921186e-4,632,n.s.,1.1363636363636364e-4,395,n.s.
Yayoi,xlp1,Fukahori_4,1,26,0.0600000000000005,0.0926923076923076,0.27665946855016826,grubbs,0.9086926548983354,0.8332383185865244,4.5045045045045046e-4,724,n.s.,1.9920318725099602e-4,584,n.s.
Yayoi,xlp1,Fukahori_4,2,26,0.8700000000000001,0.0926923076923076,0.27665946855016826,grubbs,0.003001208160935941,6.492916700216753e-4,6.377551020408164e-5,51,n.s.,6.402048655569783e-5,54,n.s.
Yayoi,xlp1,Fukahori_6,1,26,-0.16000000000000014,0.0926923076923076,0.27665946855016826,grubbs,0.37168740272903067,0.5734543948613009,8.532423208191126e-5,249,n.s.,1.1086474501108647e-4,384,n.s.
Yayoi,xlp1,Fukahori_6,2,26,0.009999999999999787,0.0926923076923076,0.27665946855016826,grubbs,0.7715904690040977,0.9720184700516812,1.7123287671232877e-4,543,n.s.,9.615384615384616e-4,783,n.s.
Yayoi,xlp1,Fukahori_8,1,26,-0.1299999999999999,0.0926923076923076,0.27665946855016826,grubbs,0.4319427928745201,0.6477220114726997,9.22509225092251e-5,293,n.s.,1.2315270935960593e-4,429,n.s.
Yayoi,xlp1,Fukahori_8,2,26,0.16000000000000014,0.0926923076923076,0.27665946855016826,grubbs,0.8132614354000249,0.5734543948613009,2.0833333333333335e-4,595,n.s.,1.1111111111111112e-4,385,n.s.
Yayoi,xlp1,miyanomoto_14,1,26,0.17999999999999972,0.0926923076923076,0.27665946855016826,grubbs,0.7592035794843113,0.5261656276537308,1.6611295681063124e-4,534,n.s.,1.0351966873706004e-4,352,n.s.
Yayoi,xlp1,miyanomoto_14,2,26,0,0.0926923076923076,0.27665946855016826,grubbs,0.7448255434544613,1,1.597444089456869e-4,522,n.s.,0.002631578947368421,816,n.s.
Yayoi,xlp1,miyanomoto_23,1,26,0.009999999999999787,0.0926923076923076,0.27665946855016826,grubbs,0.7715904690040977,0.9720184700516812,1.718213058419244e-4,544,n.s.,9.80392156862745e-4,784,n.s.
Yayoi,xlp1,miyanomoto_23,2,26,-0.10000000000000053,0.0926923076923076,0.27665946855016826,grubbs,0.49716323212151114,0.7254463866251264,1.016260162601626e-4,343,n.s.,1.4245014245014247e-4,484,n.s.
Yayoi,xlp1,Miyanomoto_25,1,26,0.03999999999999915,0.0926923076923076,0.27665946855016826,grubbs,0.8533170482130682,0.88839704877172,2.702702702702703e-4,650,n.s.,2.808988764044944e-4,657,n.s.
Yayoi,xlp1,Miyanomoto_25,2,26,0.07000000000000028,0.0926923076923076,0.27665946855016826,grubbs,0.9365542546845769,0.8059295663920103,6.172839506172839e-4,754,n.s.,1.7793594306049823e-4,554,n.s.
Yayoi,xlp1,Miyanomoto_35,1,26,-0.07000000000000028,0.0926923076923076,0.27665946855016826,grubbs,0.5669797553686646,0.8059295663920103,1.1210762331838565e-4,389,n.s.,1.773049645390071e-4,553,n.s.
Yayoi,xlp1,Miyanomoto_35,2,26,-0.03000000000000025,0.0926923076923076,0.27665946855016826,grubbs,0.6663616085508541,0.9161848216960973,1.3192612137203166e-4,456,n.s.,3.676470588235294e-4,699,n.s.
Yayoi,xlp1,miyanomoto_36,1,26,0.1299999999999999,0.0926923076923076,0.27665946855016826,grubbs,0.8958670480620112,0.6477220114726997,3.875968992248062e-4,706,n.s.,1.234567901234568e-4,430,n.s.
Yayoi,xlp1,miyanomoto_36,2,26,0,0.0926923076923076,0.27665946855016826,grubbs,0.7448255434544613,1,1.6025641025641026e-4,523,n.s.,0.002777777777777778,817,n.s.
Yayoi,xlp2,Fukahori_11,1,24,0.8899999999999997,0.07874999999999995,0.33165346634571813,dixon,0,0,6.024096385542169e-5,5,*,6.024096385542169e-5,5,*
Yayoi,xlp2,Fukahori_11,2,24,0.1200000000000001,0.07874999999999995,0.33165346634571813,dixon,0,0,6.0313630880579016e-5,6,*,6.0313630880579016e-5,6,*
Yayoi,xlp2,Fukahori_16,1,24,0.3099999999999996,0.07874999999999995,0.33165346634571813,dixon,0,0,6.0386473429951696e-5,7,*,6.0386473429951696e-5,7,*
Yayoi,xlp2,Fukahori_16,2,24,-0.15000000000000036,0.07874999999999995,0.33165346634571813,dixon,0,0,6.0459492140266024e-5,8,*,6.0459492140266024e-5,8,*
Yayoi,xlp2,Fukahori_19,1,24,0.08000000000000007,0.07874999999999995,0.33165346634571813,dixon,0,0,5.995203836930456e-5,1,*,5.995203836930456e-5,1,*
Yayoi,xlp2,Fukahori_19,2,24,-0.040000000000000036,0.07874999999999995,0.33165346634571813,dixon,0,0,6.002400960384154e-5,2,*,6.002400960384154e-5,2,*
Yayoi,xlp2,Fukahori_2002-8-A,1,24,-0.07000000000000028,0.07874999999999995,0.33165346634571813,dixon,0,0,6.009615384615385e-5,3,*,6.009615384615385e-5,3,*
Yayoi,xlp2,Fukahori_2002-8-A,2,24,-0.3100000000000005,0.07874999999999995,0.33165346634571813,dixon,0,0,6.0168471720818295e-5,4,*,6.0168471720818295e-5,4,*
Yayoi,xlp2,Fukahori_4,1,24,0.009999999999999787,0.07874999999999995,0.33165346634571813,dixon,0,0,6.082725060827251e-5,13,*,6.082725060827251e-5,13,*
Yayoi,xlp2,Fukahori_4,2,24,-0.08999999999999986,0.07874999999999995,0.33165346634571813,dixon,0,0,6.090133982947625e-5,14,*,6.090133982947625e-5,14,*
Yayoi,xlp2,Fukahori_6,1,24,-0.8599999999999994,0.07874999999999995,0.33165346634571813,dixon,0,0,6.053268765133172e-5,9,*,6.053268765133172e-5,9,*
Yayoi,xlp2,Fukahori_6,2,24,0.7699999999999996,0.07874999999999995,0.33165346634571813,dixon,0,0,6.060606060606061e-5,10,*,6.060606060606061e-5,10,*
Yayoi,xlp2,Fukahori_Takahoko,1,24,0.009999999999999787,0.07874999999999995,0.33165346634571813,dixon,0,0,6.067961165048544e-5,11,*,6.067961165048544e-5,11,*
Yayoi,xlp2,Fukahori_Takahoko,2,24,0.3099999999999996,0.07874999999999995,0.33165346634571813,dixon,0,0,6.075334143377886e-5,12,*,6.075334143377886e-5,12,*
Yayoi,xlp2,miyanomoto_14,1,24,0.22000000000000064,0.07874999999999995,0.33165346634571813,dixon,0,0,6.112469437652813e-5,17,*,6.112469437652813e-5,17,*
Yayoi,xlp2,miyanomoto_14,2,24,0.23000000000000043,0.07874999999999995,0.33165346634571813,dixon,0,0,6.119951040391677e-5,18,*,6.119951040391677e-5,18,*
Yayoi,xlp2,miyanomoto_20,1,24,-0.040000000000000036,0.07874999999999995,0.33165346634571813,dixon,0,0,6.157635467980296e-5,23,*,6.157635467980296e-5,23,*
Yayoi,xlp2,miyanomoto_20,2,24,0.28000000000000025,0.07874999999999995,0.33165346634571813,dixon,0,0,6.165228113440197e-5,24,*,6.165228113440197e-5,24,*
Yayoi,xlp2,Miyanomoto_35,1,24,0.04999999999999982,0.07874999999999995,0.33165346634571813,dixon,0,0,6.127450980392157e-5,19,*,6.127450980392157e-5,19,*
Yayoi,xlp2,Miyanomoto_35,2,24,0.10000000000000053,0.07874999999999995,0.33165346634571813,dixon,0,0,6.134969325153375e-5,20,*,6.134969325153375e-5,20,*
Yayoi,xlp2,miyanomoto_36,1,24,0.04999999999999982,0.07874999999999995,0.33165346634571813,dixon,0,0,6.142506142506142e-5,21,*,6.142506142506142e-5,21,*
Yayoi,xlp2,miyanomoto_36,2,24,0.08000000000000007,0.07874999999999995,0.33165346634571813,dixon,0,0,6.150061500615007e-5,22,*,6.150061500615007e-5,22,*
Yayoi,xlp2,Okinoharu_12,1,24,-0.07000000000000028,0.07874999999999995,0.33165346634571813,dixon,0,0,6.097560975609757e-5,15,*,6.097560975609757e-5,15,*
Yayoi,xlp2,Okinoharu_12,2,24,0.009999999999999787,0.07874999999999995,0.33165346634571813,dixon,0,0,6.105006105006105e-5,16,*,6.105006105006105e-5,16,*
